Workbook

Sheet Petunjuk
B2: KASUMKM · BUKU KAS UMKM
B3: Cara Pakai File Ini
B4: Cukup 4 kolom setiap kali mencatat. Sisanya dihitung otomatis.
B6: UNTUK PEMILIK USAHA
B7: 1. | C7: Buka sheet TRANSAKSI (lihat tab di bawah).
B8: 2. | C8: Isi baris kosong paling bawah: Tanggal, Jenis (Masuk/Keluar), Nominal, Keterangan.
B9: 3. | C9: Kolom Kategori, Metode Bayar, dan Status BOLEH DIKOSONGKAN — nanti diisi admin.
B10: 4. | C10: Nominal ditulis angka saja, tanpa Rp dan tanpa titik. Contoh: 150000
B11: 5. | C11: Punya foto nota? Simpan di Google Drive, tempel tautannya di kolom Tautan Nota.
B12: 6. | C12: Catat setiap hari walau hanya satu transaksi. Tidak perlu rapi, yang penting tercatat.
B14: UNTUK ADMIN / PEMBUKU
B15: 1. | C15: Baris berwarna kuning = kategori belum diisi. Isi lewat dropdown di kolom Kategori.
B16: 2. | C16: Setelah benar, ubah Status menjadi 'Disetujui'. Kalau ragu pilih 'Perlu Perbaikan' dan tulis pertanyaan di kolom Catatan Admin.
B17: 3. | C17: Sheet CEK DATA menampilkan baris bermasalah (nominal kosong, tanggal aneh, duplikat).
B18: 4. | C18: Sheet DASHBOARD: ubah Bulan & Tahun — kartu, indikator, dan grafik ikut berubah.
B19: 5. | C19: Akhir bulan: cetak sheet LABA RUGI menjadi PDF dan kirim ke pemilik usaha.
B21: CARA BACA DASHBOARD
B22: 1. | C22: Empat kartu di atas = Uang Masuk, Uang Keluar, Laba/Rugi, Saldo Kas bulan terpilih.
B23: 2. | C23: ▲ hijau = membaik dibanding bulan lalu, ▼ merah = menurun. Untuk Uang Keluar warnanya dibalik (naik = merah).
B24: 3. | C24: Lampu status: hijau SEHAT (laba positif), kuning IMBANG, merah WASPADA (boros).
B25: 4. | C25: Balok █ pada 'Uang Paling Banyak Keluar' menunjukkan besar pengeluaran per kategori.
B26: 5. | C26: Grafik di sebelah kanan: 12 bulan, tren harian, dan komposisi pengeluaran.
B28: PENTING
B29: 1. | C29: Jangan menghapus atau memindahkan kolom, karena rumus mengacu ke posisi kolom.
B30: 2. | C30: Kolom J (Bulan) di sheet Transaksi dan sheet DATA GRAFIK adalah pembantu rumus — biarkan saja.
B31: 3. | C31: Kapasitas 500 baris transaksi. Kalau penuh, buat file baru untuk tahun berikutnya.
B32: 4. | C32: Sel rumus dikunci agar tidak tertimpa. Buka lewat Review → Unprotect Sheet (tanpa password).
B33: 5. | C33: Ingin diisi dari HP? Unggah ke Google Drive, buka dengan Google Spreadsheet.

Sheet Profil Usaha
B2: KASUMKM · IDENTITAS
B3: Profil Usaha
B4: Diisi satu kali oleh admin saat file dibuat.
B6: DATA USAHA
B7: Nama Usaha | C7: Toko Maju
B8: Nama Pemilik | C8: Bu Siti
B9: Jenis Usaha | C9: Warung / Toko Kelontong
B10: No. HP / WhatsApp | C10: 0812-3456-7890
B11: Alamat | C11: Jl. Merdeka No. 12
B13: PEMBUKUAN
B14: Modal Awal / Saldo Kas Awal (Rp) | C14: 5000000
B15: Bulan Mulai Pembukuan | C15: Mei 2026
B16: Nama Admin / Pembuku | C16: Admin KasUMKM
B18: Saldo Kas di Dashboard = Modal Awal di atas + seluruh transaksi yang tercatat.

Sheet Transaksi
A1: Tanggal | B1: Jenis | C1: Nominal (Rp) | D1: Keterangan | E1: Kategori | F1: Metode Bayar | G1: Status | H1: Catatan Admin | I1: Tautan Nota | J1: Bulan (bantu)
A2: 46143 | B2: Masuk | C2: 304000 | D2: penjualan harian | E2: Penjualan Tunai | F2: Tunai | G2: Disetujui | J2: =IF($A2="","",TEXT($A2,"yyyy-mm"))
A3: 46143 | B3: Keluar | C3: 68000 | D3: pulsa internet | E3: Pulsa & Internet | F3: Tunai | G3: Disetujui | J3: =IF($A3="","",TEXT($A3,"yyyy-mm"))
A4: 46144 | B4: Masuk | C4: 746000 | D4: penjualan tunai kasir | E4: Penjualan Tunai | F4: Tunai | G4: Disetujui | J4: =IF($A4="","",TEXT($A4,"yyyy-mm"))
A5: 46144 | B5: Keluar | C5: 242000 | D5: beli bahan baku | E5: Bahan Baku | F5: Tunai | G5: Disetujui | J5: =IF($A5="","",TEXT($A5,"yyyy-mm"))
A6: 46145 | B6: Masuk | C6: 221000 | D6: penjualan harian | E6: Penjualan Tunai | F6: Tunai | G6: Disetujui | J6: =IF($A6="","",TEXT($A6,"yyyy-mm"))
A7: 46145 | B7: Keluar | C7: 309000 | D7: beli bahan baku | E7: Bahan Baku | F7: Tunai | G7: Disetujui | J7: =IF($A7="","",TEXT($A7,"yyyy-mm"))
A8: 46146 | B8: Masuk | C8: 378000 | D8: penjualan tunai kasir | E8: Penjualan Online | F8: Tunai | G8: Disetujui | J8: =IF($A8="","",TEXT($A8,"yyyy-mm"))
A9: 46147 | B9: Masuk | C9: 749000 | D9: penjualan harian | E9: Penjualan Tunai | F9: Tunai | G9: Disetujui | J9: =IF($A9="","",TEXT($A9,"yyyy-mm"))
A10: 46147 | B10: Masuk | C10: 376000 | D10: penjualan tunai kasir | E10: Penjualan Tunai | F10: Tunai | G10: Disetujui | J10: =IF($A10="","",TEXT($A10,"yyyy-mm"))
A11: 46147 | B11: Keluar | C11: 1500000 | D11: gaji karyawan | E11: Gaji & Upah | F11: Transfer Bank | G11: Disetujui | J11: =IF($A11="","",TEXT($A11,"yyyy-mm"))
A12: 46147 | B12: Keluar | C12: 1000000 | D12: sewa kios | E12: Sewa Tempat | F12: Transfer Bank | G12: Disetujui | J12: =IF($A12="","",TEXT($A12,"yyyy-mm"))
A13: 46148 | B13: Masuk | C13: 579000 | D13: penjualan tunai kasir | E13: Penjualan Tunai | F13: Tunai | G13: Disetujui | J13: =IF($A13="","",TEXT($A13,"yyyy-mm"))
... A119: 46192 | B119: Masuk | C119: 415000 | D119: jualan warung | E119: Penjualan Online | F119: Tunai | G119: Disetujui | J119: =IF($A119="","",TEXT($A119,"yyyy-mm"))
A120: 46193 | B120: Masuk | C120: 576000 | D120: jualan sore | J120: =IF($A120="","",TEXT($A120,"yyyy-mm"))
A121: 46193 | B121: Keluar | C121: 143000 | D121: beli bahan baku | J121: =IF($A121="","",TEXT($A121,"yyyy-mm"))
A122: 46194 | B122: Masuk | C122: 224000 | D122: pesanan online | J122: =IF($A122="","",TEXT($A122,"yyyy-mm"))
A123: 46194 | B123: Keluar | C123: 349000 | D123: belanja pasar | J123: =IF($A123="","",TEXT($A123,"yyyy-mm"))
A124: 46195 | B124: Masuk | C124: 524000 | D124: pesanan online | J124: =IF($A124="","",TEXT($A124,"yyyy-mm"))
A125: 46195 | B125: Masuk | C125: 290000 | D125: jualan warung | J125: =IF($A125="","",TEXT($A125,"yyyy-mm"))
A126: 46195 | B126: Keluar | C126: 223000 | D126: beli bahan baku | J126: =IF($A126="","",TEXT($A126,"yyyy-mm"))
A127: 46196 | B127: Masuk | C127: 316000 | D127: jualan warung | J127: =IF($A127="","",TEXT($A127,"yyyy-mm"))
A128: 46196 | B128: Keluar | C128: 283000 | D128: beli plastik kemasan | J128: =IF($A128="","",TEXT($A128,"yyyy-mm"))
A129: 46197 | B129: Masuk | C129: 497000 | D129: jualan warung | J129: =IF($A129="","",TEXT($A129,"yyyy-mm"))
A130: 46197 | B130: Keluar | C130: 207000 | D130: beli bahan baku | J130: =IF($A130="","",TEXT($A130,"yyyy-mm"))
A131: 46198 | B131: Masuk | C131: 496000 | D131: jualan sore | J131: =IF($A131="","",TEXT($A131,"yyyy-mm"))
... A142: 46203 | B142: Masuk | C142: 425000 | D142: penjualan harian | J142: =IF($A142="","",TEXT($A142,"yyyy-mm"))
J143: =IF($A143="","",TEXT($A143,"yyyy-mm"))
J144: =IF($A144="","",TEXT($A144,"yyyy-mm"))
J145: =IF($A145="","",TEXT($A145,"yyyy-mm"))
J146: =IF($A146="","",TEXT($A146,"yyyy-mm"))
J147: =IF($A147="","",TEXT($A147,"yyyy-mm"))
J148: =IF($A148="","",TEXT($A148,"yyyy-mm"))
J149: =IF($A149="","",TEXT($A149,"yyyy-mm"))
J150: =IF($A150="","",TEXT($A150,"yyyy-mm"))
J151: =IF($A151="","",TEXT($A151,"yyyy-mm"))
J152: =IF($A152="","",TEXT($A152,"yyyy-mm"))
J153: =IF($A153="","",TEXT($A153,"yyyy-mm"))
J154: =IF($A154="","",TEXT($A154,"yyyy-mm"))
... J501: =IF($A501="","",TEXT($A501,"yyyy-mm"))

Sheet Dashboard
B2: KASUMKM · DASHBOARD KEUANGAN
B3: =IF('Profil Usaha'!$C$7="","Dashboard Keuangan",'Profil Usaha'!$C$7)
B4: Ubah Bulan & Tahun — semua kartu, indikator, dan grafik ikut berubah.
B6: Bulan (1-12) | C6: 6 | E6: Tahun | F6: 2026
B7: =CHOOSE($C$6,"Januari","Februari","Maret","April","Mei","Juni","Juli","Agustus","September","Oktober","November","Desember")&" "&$F$6 | E7: =IF($L$8>0,"● SEHAT · laba bulan ini positif",IF($L$8=0,"● IMBANG · belum ada laba","● WASPADA · pengeluaran lebih besar"))
B8: kunci | C8: =TEXT(DATE($F$6,$C$6,1),"yyyy-mm") | E8: kunci bulan lalu | F8: =TEXT(DATE($F$6,$C$6-1,1),"yyyy-mm") | H8: ='Data Grafik'!$B$4 | I8: ='Data Grafik'!$C$4 | J8: ='Data Grafik'!$B$5 | K8: ='Data Grafik'!$C$5 | L8: ='Data Grafik'!$B$6 | M8: ='Data Grafik'!$C$6 | N8: ='Data Grafik'!$B$7 | O8: ='Data Grafik'!$C$7
B10: UANG MASUK BULAN INI | E10: UANG KELUAR BULAN INI
B11: =$H$8 | E11: =$J$8
B12: =IF($I$8=0,"belum ada pembanding bulan lalu",IF($H$8>=$I$8,"▲ ","▼ ")&TEXT(ABS($H$8-$I$8)/ABS($I$8),"0%")&" vs bulan lalu") | E12: =IF($K$8=0,"belum ada pembanding bulan lalu",IF($J$8>=$K$8,"▲ ","▼ ")&TEXT(ABS($J$8-$K$8)/ABS($K$8),"0%")&" vs bulan lalu")
B14: LABA / RUGI BULAN INI | E14: SALDO KAS SAMPAI AKHIR BULAN
B15: =$L$8 | E15: =$N$8
B16: =IF($M$8=0,"belum ada pembanding bulan lalu",IF($L$8>=$M$8,"▲ ","▼ ")&TEXT(ABS($L$8-$M$8)/ABS($M$8),"0%")&" vs bulan lalu") | E16: =IF($O$8=0,"belum ada pembanding bulan lalu",IF($N$8>=$O$8,"▲ ","▼ ")&TEXT(ABS($N$8-$O$8)/ABS($O$8),"0%")&" vs bulan lalu")
B18: RINGKASAN CEPAT
B19: Transaksi bulan ini | C19: ='Data Grafik'!$B$8 | E19: Belum dikategorikan | F19: ='Data Grafik'!$B$9
B20: Belum disetujui | C20: ='Data Grafik'!$B$10 | E20: Terakhir dicatat | F20: ='Data Grafik'!$B$11
B22: UANG PALING BANYAK KELUAR BULAN INI
B23: Kategori | C23: Jumlah | E23: Grafik
B24: =IF('Data Grafik'!$A$45="","—",'Data Grafik'!$A$45) | C24: =IF('Data Grafik'!$A$45="","",'Data Grafik'!$B$45) | E24: =IF(OR($C24="",$C24=0),"",REPT("█",MAX(1,ROUND(16*$C24/MAX($C$24:$C$29),0))))
B25: =IF('Data Grafik'!$A$46="","—",'Data Grafik'!$A$46) | C25: =IF('Data Grafik'!$A$46="","",'Data Grafik'!$B$46) | E25: =IF(OR($C25="",$C25=0),"",REPT("█",MAX(1,ROUND(16*$C25/MAX($C$24:$C$29),0))))
B26: =IF('Data Grafik'!$A$47="","—",'Data Grafik'!$A$47) | C26: =IF('Data Grafik'!$A$47="","",'Data Grafik'!$B$47) | E26: =IF(OR($C26="",$C26=0),"",REPT("█",MAX(1,ROUND(16*$C26/MAX($C$24:$C$29),0))))
B27: =IF('Data Grafik'!$A$48="","—",'Data Grafik'!$A$48) | C27: =IF('Data Grafik'!$A$48="","",'Data Grafik'!$B$48) | E27: =IF(OR($C27="",$C27=0),"",REPT("█",MAX(1,ROUND(16*$C27/MAX($C$24:$C$29),0))))
B28: =IF('Data Grafik'!$A$49="","—",'Data Grafik'!$A$49) | C28: =IF('Data Grafik'!$A$49="","",'Data Grafik'!$B$49) | E28: =IF(OR($C28="",$C28=0),"",REPT("█",MAX(1,ROUND(16*$C28/MAX($C$24:$C$29),0))))
B29: =IF('Data Grafik'!$A$50="","—",'Data Grafik'!$A$50) | C29: =IF('Data Grafik'!$A$50="","",'Data Grafik'!$B$50) | E29: =IF(OR($C29="",$C29=0),"",REPT("█",MAX(1,ROUND(16*$C29/MAX($C$24:$C$29),0))))
B31: Balok █ makin panjang = pengeluaran makin besar. Grafik lengkap ada di sebelah kanan →

Sheet Laba Rugi
B2: KASUMKM · LAPORAN BULANAN
B3: Laporan Laba Rugi
B4: Bulan mengikuti pilihan di sheet Dashboard. Siap dicetak / disimpan sebagai PDF.
B6: ="Periode: "&CHOOSE(Dashboard!$C$6,"Januari","Februari","Maret","April","Mei","Juni","Juli","Agustus","September","Oktober","November","Desember")&" "&Dashboard!$F$6&" · "&IF('Profil Usaha'!$C$7="","(Nama Usaha)",'Profil Usaha'!$C$7)
B8: PEMASUKAN | C8: Jumlah (Rp) | D8: % dari Pemasukan
B9: =Kategori!$B$7 | C9: =SUMIFS(Transaksi!$C:$C,Transaksi!$J:$J,Dashboard!$C$8,Transaksi!$B:$B,"Masuk",Transaksi!$E:$E,$B9) | D9: =IF($C$15=0,"",$C9/$C$15)
B10: =Kategori!$B$8 | C10: =SUMIFS(Transaksi!$C:$C,Transaksi!$J:$J,Dashboard!$C$8,Transaksi!$B:$B,"Masuk",Transaksi!$E:$E,$B10) | D10: =IF($C$15=0,"",$C10/$C$15)
B11: =Kategori!$B$9 | C11: =SUMIFS(Transaksi!$C:$C,Transaksi!$J:$J,Dashboard!$C$8,Transaksi!$B:$B,"Masuk",Transaksi!$E:$E,$B11) | D11: =IF($C$15=0,"",$C11/$C$15)
B12: =Kategori!$B$10 | C12: =SUMIFS(Transaksi!$C:$C,Transaksi!$J:$J,Dashboard!$C$8,Transaksi!$B:$B,"Masuk",Transaksi!$E:$E,$B12) | D12: =IF($C$15=0,"",$C12/$C$15)
B13: =Kategori!$B$11 | C13: =SUMIFS(Transaksi!$C:$C,Transaksi!$J:$J,Dashboard!$C$8,Transaksi!$B:$B,"Masuk",Transaksi!$E:$E,$B13) | D13: =IF($C$15=0,"",$C13/$C$15)
B14: Belum dikategorikan | C14: =SUMIFS(Transaksi!$C:$C,Transaksi!$J:$J,Dashboard!$C$8,Transaksi!$B:$B,"Masuk",Transaksi!$E:$E,"") | D14: =IF($C$15=0,"",$C14/$C$15)
B15: TOTAL PEMASUKAN | C15: =SUM(C9:C14) | D15: =IF($C$15=0,"",$C15/$C$15)
B17: PENGELUARAN | C17: Jumlah (Rp) | D17: % dari Pemasukan
B18: =Kategori!$C$7 | C18: =SUMIFS(Transaksi!$C:$C,Transaksi!$J:$J,Dashboard!$C$8,Transaksi!$B:$B,"Keluar",Transaksi!$E:$E,$B18) | D18: =IF($C$15=0,"",$C18/$C$15)
B19: =Kategori!$C$8 | C19: =SUMIFS(Transaksi!$C:$C,Transaksi!$J:$J,Dashboard!$C$8,Transaksi!$B:$B,"Keluar",Transaksi!$E:$E,$B19) | D19: =IF($C$15=0,"",$C19/$C$15)
B20: =Kategori!$C$9 | C20: =SUMIFS(Transaksi!$C:$C,Transaksi!$J:$J,Dashboard!$C$8,Transaksi!$B:$B,"Keluar",Transaksi!$E:$E,$B20) | D20: =IF($C$15=0,"",$C20/$C$15)
B21: =Kategori!$C$10 | C21: =SUMIFS(Transaksi!$C:$C,Transaksi!$J:$J,Dashboard!$C$8,Transaksi!$B:$B,"Keluar",Transaksi!$E:$E,$B21) | D21: =IF($C$15=0,"",$C21/$C$15)
B22: =Kategori!$C$11 | C22: =SUMIFS(Transaksi!$C:$C,Transaksi!$J:$J,Dashboard!$C$8,Transaksi!$B:$B,"Keluar",Transaksi!$E:$E,$B22) | D22: =IF($C$15=0,"",$C22/$C$15)
B23: =Kategori!$C$12 | C23: =SUMIFS(Transaksi!$C:$C,Transaksi!$J:$J,Dashboard!$C$8,Transaksi!$B:$B,"Keluar",Transaksi!$E:$E,$B23) | D23: =IF($C$15=0,"",$C23/$C$15)
B24: =Kategori!$C$13 | C24: =SUMIFS(Transaksi!$C:$C,Transaksi!$J:$J,Dashboard!$C$8,Transaksi!$B:$B,"Keluar",Transaksi!$E:$E,$B24) | D24: =IF($C$15=0,"",$C24/$C$15)
B25: =Kategori!$C$14 | C25: =SUMIFS(Transaksi!$C:$C,Transaksi!$J:$J,Dashboard!$C$8,Transaksi!$B:$B,"Keluar",Transaksi!$E:$E,$B25) | D25: =IF($C$15=0,"",$C25/$C$15)
B26: =Kategori!$C$15 | C26: =SUMIFS(Transaksi!$C:$C,Transaksi!$J:$J,Dashboard!$C$8,Transaksi!$B:$B,"Keluar",Transaksi!$E:$E,$B26) | D26: =IF($C$15=0,"",$C26/$C$15)
B27: =Kategori!$C$16 | C27: =SUMIFS(Transaksi!$C:$C,Transaksi!$J:$J,Dashboard!$C$8,Transaksi!$B:$B,"Keluar",Transaksi!$E:$E,$B27) | D27: =IF($C$15=0,"",$C27/$C$15)
B28: =Kategori!$C$17 | C28: =SUMIFS(Transaksi!$C:$C,Transaksi!$J:$J,Dashboard!$C$8,Transaksi!$B:$B,"Keluar",Transaksi!$E:$E,$B28) | D28: =IF($C$15=0,"",$C28/$C$15)
B29: =Kategori!$C$18 | C29: =SUMIFS(Transaksi!$C:$C,Transaksi!$J:$J,Dashboard!$C$8,Transaksi!$B:$B,"Keluar",Transaksi!$E:$E,$B29) | D29: =IF($C$15=0,"",$C29/$C$15)
B30: Belum dikategorikan | C30: =SUMIFS(Transaksi!$C:$C,Transaksi!$J:$J,Dashboard!$C$8,Transaksi!$B:$B,"Keluar",Transaksi!$E:$E,"") | D30: =IF($C$15=0,"",$C30/$C$15)
B31: TOTAL PENGELUARAN | C31: =SUM(C18:C30) | D31: =IF($C$15=0,"",$C31/$C$15)
B33: LABA / RUGI BERSIH | C33: =C15-C31 | D33: =IF($C$15=0,"",$C33/$C$15)
B35: Catatan Admin untuk Pemilik Usaha

Sheet Arus Kas Harian
A1: Arus Kas Harian
A2: ="Mengikuti Bulan & Tahun di sheet Dashboard · "&CHOOSE(Dashboard!$C$6,"Januari","Februari","Maret","April","Mei","Juni","Juli","Agustus","September","Oktober","November","Desember")&" "&Dashboard!$F$6
A4: Tanggal | B4: Uang Masuk | C4: Uang Keluar | D4: Selisih Hari Ini | E4: Saldo Berjalan | F4: Grafik Masuk | G4: Grafik Keluar | H4: Hari (bantu)
A5: =IF(1>DAY(EOMONTH(DATE(Dashboard!$F$6,Dashboard!$C$6,1),0)),"",DATE(Dashboard!$F$6,Dashboard!$C$6,1)) | B5: =IF($A5="","",SUMIFS(Transaksi!$C:$C,Transaksi!$A:$A,$A5,Transaksi!$B:$B,"Masuk")) | C5: =IF($A5="","",SUMIFS(Transaksi!$C:$C,Transaksi!$A:$A,$A5,Transaksi!$B:$B,"Keluar")) | D5: =IF($A5="","",$B5-$C5) | E5: =IF($A5="","",IF('Profil Usaha'!$C$14="",0,'Profil Usaha'!$C$14)+SUMIFS(Transaksi!$C:$C,Transaksi!$A:$A,"<"&$A5,Transaksi!$B:$B,"Masuk")-SUMIFS(Transaksi!$C:$C,Transaksi!$A:$A,"<"&$A5,Transaksi!$B:$B,"Keluar")+$D5) | F5: =IF(OR($A5="",$B5=0),"",REPT("█",MAX(1,ROUND(12*$B5/MAX($B$5:$B$35),0)))) | G5: =IF(OR($A5="",$C5=0),"",REPT("█",MAX(1,ROUND(12*$C5/MAX($C$5:$C$35),0)))) | H5: =IF($A5="","",DAY($A5))
A6: =IF(2>DAY(EOMONTH(DATE(Dashboard!$F$6,Dashboard!$C$6,1),0)),"",DATE(Dashboard!$F$6,Dashboard!$C$6,2)) | B6: =IF($A6="","",SUMIFS(Transaksi!$C:$C,Transaksi!$A:$A,$A6,Transaksi!$B:$B,"Masuk")) | C6: =IF($A6="","",SUMIFS(Transaksi!$C:$C,Transaksi!$A:$A,$A6,Transaksi!$B:$B,"Keluar")) | D6: =IF($A6="","",$B6-$C6) | E6: =IF($A6="","",$E5+$D6) | F6: =IF(OR($A6="",$B6=0),"",REPT("█",MAX(1,ROUND(12*$B6/MAX($B$5:$B$35),0)))) | G6: =IF(OR($A6="",$C6=0),"",REPT("█",MAX(1,ROUND(12*$C6/MAX($C$5:$C$35),0)))) | H6: =IF($A6="","",DAY($A6))
A7: =IF(3>DAY(EOMONTH(DATE(Dashboard!$F$6,Dashboard!$C$6,1),0)),"",DATE(Dashboard!$F$6,Dashboard!$C$6,3)) | B7: =IF($A7="","",SUMIFS(Transaksi!$C:$C,Transaksi!$A:$A,$A7,Transaksi!$B:$B,"Masuk")) | C7: =IF($A7="","",SUMIFS(Transaksi!$C:$C,Transaksi!$A:$A,$A7,Transaksi!$B:$B,"Keluar")) | D7: =IF($A7="","",$B7-$C7) | E7: =IF($A7="","",$E6+$D7) | F7: =IF(OR($A7="",$B7=0),"",REPT("█",MAX(1,ROUND(12*$B7/MAX($B$5:$B$35),0)))) | G7: =IF(OR($A7="",$C7=0),"",REPT("█",MAX(1,ROUND(12*$C7/MAX($C$5:$C$35),0)))) | H7: =IF($A7="","",DAY($A7))
A8: =IF(4>DAY(EOMONTH(DATE(Dashboard!$F$6,Dashboard!$C$6,1),0)),"",DATE(Dashboard!$F$6,Dashboard!$C$6,4)) | B8: =IF($A8="","",SUMIFS(Transaksi!$C:$C,Transaksi!$A:$A,$A8,Transaksi!$B:$B,"Masuk")) | C8: =IF($A8="","",SUMIFS(Transaksi!$C:$C,Transaksi!$A:$A,$A8,Transaksi!$B:$B,"Keluar")) | D8: =IF($A8="","",$B8-$C8) | E8: =IF($A8="","",$E7+$D8) | F8: =IF(OR($A8="",$B8=0),"",REPT("█",MAX(1,ROUND(12*$B8/MAX($B$5:$B$35),0)))) | G8: =IF(OR($A8="",$C8=0),"",REPT("█",MAX(1,ROUND(12*$C8/MAX($C$5:$C$35),0)))) | H8: =IF($A8="","",DAY($A8))
A9: =IF(5>DAY(EOMONTH(DATE(Dashboard!$F$6,Dashboard!$C$6,1),0)),"",DATE(Dashboard!$F$6,Dashboard!$C$6,5)) | B9: =IF($A9="","",SUMIFS(Transaksi!$C:$C,Transaksi!$A:$A,$A9,Transaksi!$B:$B,"Masuk")) | C9: =IF($A9="","",SUMIFS(Transaksi!$C:$C,Transaksi!$A:$A,$A9,Transaksi!$B:$B,"Keluar")) | D9: =IF($A9="","",$B9-$C9) | E9: =IF($A9="","",$E8+$D9) | F9: =IF(OR($A9="",$B9=0),"",REPT("█",MAX(1,ROUND(12*$B9/MAX($B$5:$B$35),0)))) | G9: =IF(OR($A9="",$C9=0),"",REPT("█",MAX(1,ROUND(12*$C9/MAX($C$5:$C$35),0)))) | H9: =IF($A9="","",DAY($A9))
A10: =IF(6>DAY(EOMONTH(DATE(Dashboard!$F$6,Dashboard!$C$6,1),0)),"",DATE(Dashboard!$F$6,Dashboard!$C$6,6)) | B10: =IF($A10="","",SUMIFS(Transaksi!$C:$C,Transaksi!$A:$A,$A10,Transaksi!$B:$B,"Masuk")) | C10: =IF($A10="","",SUMIFS(Transaksi!$C:$C,Transaksi!$A:$A,$A10,Transaksi!$B:$B,"Keluar")) | D10: =IF($A10="","",$B10-$C10) | E10: =IF($A10="","",$E9+$D10) | F10: =IF(OR($A10="",$B10=0),"",REPT("█",MAX(1,ROUND(12*$B10/MAX($B$5:$B$35),0)))) | G10: =IF(OR($A10="",$C10=0),"",REPT("█",MAX(1,ROUND(12*$C10/MAX($C$5:$C$35),0)))) | H10: =IF($A10="","",DAY($A10))
A11: =IF(7>DAY(EOMONTH(DATE(Dashboard!$F$6,Dashboard!$C$6,1),0)),"",DATE(Dashboard!$F$6,Dashboard!$C$6,7)) | B11: =IF($A11="","",SUMIFS(Transaksi!$C:$C,Transaksi!$A:$A,$A11,Transaksi!$B:$B,"Masuk")) | C11: =IF($A11="","",SUMIFS(Transaksi!$C:$C,Transaksi!$A:$A,$A11,Transaksi!$B:$B,"Keluar")) | D11: =IF($A11="","",$B11-$C11) | E11: =IF($A11="","",$E10+$D11) | F11: =IF(OR($A11="",$B11=0),"",REPT("█",MAX(1,ROUND(12*$B11/MAX($B$5:$B$35),0)))) | G11: =IF(OR($A11="",$C11=0),"",REPT("█",MAX(1,ROUND(12*$C11/MAX($C$5:$C$35),0)))) | H11: =IF($A11="","",DAY($A11))
A12: =IF(8>DAY(EOMONTH(DATE(Dashboard!$F$6,Dashboard!$C$6,1),0)),"",DATE(Dashboard!$F$6,Dashboard!$C$6,8)) | B12: =IF($A12="","",SUMIFS(Transaksi!$C:$C,Transaksi!$A:$A,$A12,Transaksi!$B:$B,"Masuk")) | C12: =IF($A12="","",SUMIFS(Transaksi!$C:$C,Transaksi!$A:$A,$A12,Transaksi!$B:$B,"Keluar")) | D12: =IF($A12="","",$B12-$C12) | E12: =IF($A12="","",$E11+$D12) | F12: =IF(OR($A12="",$B12=0),"",REPT("█",MAX(1,ROUND(12*$B12/MAX($B$5:$B$35),0)))) | G12: =IF(OR($A12="",$C12=0),"",REPT("█",MAX(1,ROUND(12*$C12/MAX($C$5:$C$35),0)))) | H12: =IF($A12="","",DAY($A12))
A13: =IF(9>DAY(EOMONTH(DATE(Dashboard!$F$6,Dashboard!$C$6,1),0)),"",DATE(Dashboard!$F$6,Dashboard!$C$6,9)) | B13: =IF($A13="","",SUMIFS(Transaksi!$C:$C,Transaksi!$A:$A,$A13,Transaksi!$B:$B,"Masuk")) | C13: =IF($A13="","",SUMIFS(Transaksi!$C:$C,Transaksi!$A:$A,$A13,Transaksi!$B:$B,"Keluar")) | D13: =IF($A13="","",$B13-$C13) | E13: =IF($A13="","",$E12+$D13) | F13: =IF(OR($A13="",$B13=0),"",REPT("█",MAX(1,ROUND(12*$B13/MAX($B$5:$B$35),0)))) | G13: =IF(OR($A13="",$C13=0),"",REPT("█",MAX(1,ROUND(12*$C13/MAX($C$5:$C$35),0)))) | H13: =IF($A13="","",DAY($A13))
A14: =IF(10>DAY(EOMONTH(DATE(Dashboard!$F$6,Dashboard!$C$6,1),0)),"",DATE(Dashboard!$F$6,Dashboard!$C$6,10)) | B14: =IF($A14="","",SUMIFS(Transaksi!$C:$C,Transaksi!$A:$A,$A14,Transaksi!$B:$B,"Masuk")) | C14: =IF($A14="","",SUMIFS(Transaksi!$C:$C,Transaksi!$A:$A,$A14,Transaksi!$B:$B,"Keluar")) | D14: =IF($A14="","",$B14-$C14) | E14: =IF($A14="","",$E13+$D14) | F14: =IF(OR($A14="",$B14=0),"",REPT("█",MAX(1,ROUND(12*$B14/MAX($B$5:$B$35),0)))) | G14: =IF(OR($A14="",$C14=0),"",REPT("█",MAX(1,ROUND(12*$C14/MAX($C$5:$C$35),0)))) | H14: =IF($A14="","",DAY($A14))
A15: =IF(11>DAY(EOMONTH(DATE(Dashboard!$F$6,Dashboard!$C$6,1),0)),"",DATE(Dashboard!$F$6,Dashboard!$C$6,11)) | B15: =IF($A15="","",SUMIFS(Transaksi!$C:$C,Transaksi!$A:$A,$A15,Transaksi!$B:$B,"Masuk")) | C15: =IF($A15="","",SUMIFS(Transaksi!$C:$C,Transaksi!$A:$A,$A15,Transaksi!$B:$B,"Keluar")) | D15: =IF($A15="","",$B15-$C15) | E15: =IF($A15="","",$E14+$D15) | F15: =IF(OR($A15="",$B15=0),"",REPT("█",MAX(1,ROUND(12*$B15/MAX($B$5:$B$35),0)))) | G15: =IF(OR($A15="",$C15=0),"",REPT("█",MAX(1,ROUND(12*$C15/MAX($C$5:$C$35),0)))) | H15: =IF($A15="","",DAY($A15))
A16: =IF(12>DAY(EOMONTH(DATE(Dashboard!$F$6,Dashboard!$C$6,1),0)),"",DATE(Dashboard!$F$6,Dashboard!$C$6,12)) | B16: =IF($A16="","",SUMIFS(Transaksi!$C:$C,Transaksi!$A:$A,$A16,Transaksi!$B:$B,"Masuk")) | C16: =IF($A16="","",SUMIFS(Transaksi!$C:$C,Transaksi!$A:$A,$A16,Transaksi!$B:$B,"Keluar")) | D16: =IF($A16="","",$B16-$C16) | E16: =IF($A16="","",$E15+$D16) | F16: =IF(OR($A16="",$B16=0),"",REPT("█",MAX(1,ROUND(12*$B16/MAX($B$5:$B$35),0)))) | G16: =IF(OR($A16="",$C16=0),"",REPT("█",MAX(1,ROUND(12*$C16/MAX($C$5:$C$35),0)))) | H16: =IF($A16="","",DAY($A16))
A17: =IF(13>DAY(EOMONTH(DATE(Dashboard!$F$6,Dashboard!$C$6,1),0)),"",DATE(Dashboard!$F$6,Dashboard!$C$6,13)) | B17: =IF($A17="","",SUMIFS(Transaksi!$C:$C,Transaksi!$A:$A,$A17,Transaksi!$B:$B,"Masuk")) | C17: =IF($A17="","",SUMIFS(Transaksi!$C:$C,Transaksi!$A:$A,$A17,Transaksi!$B:$B,"Keluar")) | D17: =IF($A17="","",$B17-$C17) | E17: =IF($A17="","",$E16+$D17) | F17: =IF(OR($A17="",$B17=0),"",REPT("█",MAX(1,ROUND(12*$B17/MAX($B$5:$B$35),0)))) | G17: =IF(OR($A17="",$C17=0),"",REPT("█",MAX(1,ROUND(12*$C17/MAX($C$5:$C$35),0)))) | H17: =IF($A17="","",DAY($A17))
A18: =IF(14>DAY(EOMONTH(DATE(Dashboard!$F$6,Dashboard!$C$6,1),0)),"",DATE(Dashboard!$F$6,Dashboard!$C$6,14)) | B18: =IF($A18="","",SUMIFS(Transaksi!$C:$C,Transaksi!$A:$A,$A18,Transaksi!$B:$B,"Masuk")) | C18: =IF($A18="","",SUMIFS(Transaksi!$C:$C,Transaksi!$A:$A,$A18,Transaksi!$B:$B,"Keluar")) | D18: =IF($A18="","",$B18-$C18) | E18: =IF($A18="","",$E17+$D18) | F18: =IF(OR($A18="",$B18=0),"",REPT("█",MAX(1,ROUND(12*$B18/MAX($B$5:$B$35),0)))) | G18: =IF(OR($A18="",$C18=0),"",REPT("█",MAX(1,ROUND(12*$C18/MAX($C$5:$C$35),0)))) | H18: =IF($A18="","",DAY($A18))
A19: =IF(15>DAY(EOMONTH(DATE(Dashboard!$F$6,Dashboard!$C$6,1),0)),"",DATE(Dashboard!$F$6,Dashboard!$C$6,15)) | B19: =IF($A19="","",SUMIFS(Transaksi!$C:$C,Transaksi!$A:$A,$A19,Transaksi!$B:$B,"Masuk")) | C19: =IF($A19="","",SUMIFS(Transaksi!$C:$C,Transaksi!$A:$A,$A19,Transaksi!$B:$B,"Keluar")) | D19: =IF($A19="","",$B19-$C19) | E19: =IF($A19="","",$E18+$D19) | F19: =IF(OR($A19="",$B19=0),"",REPT("█",MAX(1,ROUND(12*$B19/MAX($B$5:$B$35),0)))) | G19: =IF(OR($A19="",$C19=0),"",REPT("█",MAX(1,ROUND(12*$C19/MAX($C$5:$C$35),0)))) | H19: =IF($A19="","",DAY($A19))
A20: =IF(16>DAY(EOMONTH(DATE(Dashboard!$F$6,Dashboard!$C$6,1),0)),"",DATE(Dashboard!$F$6,Dashboard!$C$6,16)) | B20: =IF($A20="","",SUMIFS(Transaksi!$C:$C,Transaksi!$A:$A,$A20,Transaksi!$B:$B,"Masuk")) | C20: =IF($A20="","",SUMIFS(Transaksi!$C:$C,Transaksi!$A:$A,$A20,Transaksi!$B:$B,"Keluar")) | D20: =IF($A20="","",$B20-$C20) | E20: =IF($A20="","",$E19+$D20) | F20: =IF(OR($A20="",$B20=0),"",REPT("█",MAX(1,ROUND(12*$B20/MAX($B$5:$B$35),0)))) | G20: =IF(OR($A20="",$C20=0),"",REPT("█",MAX(1,ROUND(12*$C20/MAX($C$5:$C$35),0)))) | H20: =IF($A20="","",DAY($A20))
A21: =IF(17>DAY(EOMONTH(DATE(Dashboard!$F$6,Dashboard!$C$6,1),0)),"",DATE(Dashboard!$F$6,Dashboard!$C$6,17)) | B21: =IF($A21="","",SUMIFS(Transaksi!$C:$C,Transaksi!$A:$A,$A21,Transaksi!$B:$B,"Masuk")) | C21: =IF($A21="","",SUMIFS(Transaksi!$C:$C,Transaksi!$A:$A,$A21,Transaksi!$B:$B,"Keluar")) | D21: =IF($A21="","",$B21-$C21) | E21: =IF($A21="","",$E20+$D21) | F21: =IF(OR($A21="",$B21=0),"",REPT("█",MAX(1,ROUND(12*$B21/MAX($B$5:$B$35),0)))) | G21: =IF(OR($A21="",$C21=0),"",REPT("█",MAX(1,ROUND(12*$C21/MAX($C$5:$C$35),0)))) | H21: =IF($A21="","",DAY($A21))
A22: =IF(18>DAY(EOMONTH(DATE(Dashboard!$F$6,Dashboard!$C$6,1),0)),"",DATE(Dashboard!$F$6,Dashboard!$C$6,18)) | B22: =IF($A22="","",SUMIFS(Transaksi!$C:$C,Transaksi!$A:$A,$A22,Transaksi!$B:$B,"Masuk")) | C22: =IF($A22="","",SUMIFS(Transaksi!$C:$C,Transaksi!$A:$A,$A22,Transaksi!$B:$B,"Keluar")) | D22: =IF($A22="","",$B22-$C22) | E22: =IF($A22="","",$E21+$D22) | F22: =IF(OR($A22="",$B22=0),"",REPT("█",MAX(1,ROUND(12*$B22/MAX($B$5:$B$35),0)))) | G22: =IF(OR($A22="",$C22=0),"",REPT("█",MAX(1,ROUND(12*$C22/MAX($C$5:$C$35),0)))) | H22: =IF($A22="","",DAY($A22))
A23: =IF(19>DAY(EOMONTH(DATE(Dashboard!$F$6,Dashboard!$C$6,1),0)),"",DATE(Dashboard!$F$6,Dashboard!$C$6,19)) | B23: =IF($A23="","",SUMIFS(Transaksi!$C:$C,Transaksi!$A:$A,$A23,Transaksi!$B:$B,"Masuk")) | C23: =IF($A23="","",SUMIFS(Transaksi!$C:$C,Transaksi!$A:$A,$A23,Transaksi!$B:$B,"Keluar")) | D23: =IF($A23="","",$B23-$C23) | E23: =IF($A23="","",$E22+$D23) | F23: =IF(OR($A23="",$B23=0),"",REPT("█",MAX(1,ROUND(12*$B23/MAX($B$5:$B$35),0)))) | G23: =IF(OR($A23="",$C23=0),"",REPT("█",MAX(1,ROUND(12*$C23/MAX($C$5:$C$35),0)))) | H23: =IF($A23="","",DAY($A23))
A24: =IF(20>DAY(EOMONTH(DATE(Dashboard!$F$6,Dashboard!$C$6,1),0)),"",DATE(Dashboard!$F$6,Dashboard!$C$6,20)) | B24: =IF($A24="","",SUMIFS(Transaksi!$C:$C,Transaksi!$A:$A,$A24,Transaksi!$B:$B,"Masuk")) | C24: =IF($A24="","",SUMIFS(Transaksi!$C:$C,Transaksi!$A:$A,$A24,Transaksi!$B:$B,"Keluar")) | D24: =IF($A24="","",$B24-$C24) | E24: =IF($A24="","",$E23+$D24) | F24: =IF(OR($A24="",$B24=0),"",REPT("█",MAX(1,ROUND(12*$B24/MAX($B$5:$B$35),0)))) | G24: =IF(OR($A24="",$C24=0),"",REPT("█",MAX(1,ROUND(12*$C24/MAX($C$5:$C$35),0)))) | H24: =IF($A24="","",DAY($A24))
A25: =IF(21>DAY(EOMONTH(DATE(Dashboard!$F$6,Dashboard!$C$6,1),0)),"",DATE(Dashboard!$F$6,Dashboard!$C$6,21)) | B25: =IF($A25="","",SUMIFS(Transaksi!$C:$C,Transaksi!$A:$A,$A25,Transaksi!$B:$B,"Masuk")) | C25: =IF($A25="","",SUMIFS(Transaksi!$C:$C,Transaksi!$A:$A,$A25,Transaksi!$B:$B,"Keluar")) | D25: =IF($A25="","",$B25-$C25) | E25: =IF($A25="","",$E24+$D25) | F25: =IF(OR($A25="",$B25=0),"",REPT("█",MAX(1,ROUND(12*$B25/MAX($B$5:$B$35),0)))) | G25: =IF(OR($A25="",$C25=0),"",REPT("█",MAX(1,ROUND(12*$C25/MAX($C$5:$C$35),0)))) | H25: =IF($A25="","",DAY($A25))
A26: =IF(22>DAY(EOMONTH(DATE(Dashboard!$F$6,Dashboard!$C$6,1),0)),"",DATE(Dashboard!$F$6,Dashboard!$C$6,22)) | B26: =IF($A26="","",SUMIFS(Transaksi!$C:$C,Transaksi!$A:$A,$A26,Transaksi!$B:$B,"Masuk")) | C26: =IF($A26="","",SUMIFS(Transaksi!$C:$C,Transaksi!$A:$A,$A26,Transaksi!$B:$B,"Keluar")) | D26: =IF($A26="","",$B26-$C26) | E26: =IF($A26="","",$E25+$D26) | F26: =IF(OR($A26="",$B26=0),"",REPT("█",MAX(1,ROUND(12*$B26/MAX($B$5:$B$35),0)))) | G26: =IF(OR($A26="",$C26=0),"",REPT("█",MAX(1,ROUND(12*$C26/MAX($C$5:$C$35),0)))) | H26: =IF($A26="","",DAY($A26))
A27: =IF(23>DAY(EOMONTH(DATE(Dashboard!$F$6,Dashboard!$C$6,1),0)),"",DATE(Dashboard!$F$6,Dashboard!$C$6,23)) | B27: =IF($A27="","",SUMIFS(Transaksi!$C:$C,Transaksi!$A:$A,$A27,Transaksi!$B:$B,"Masuk")) | C27: =IF($A27="","",SUMIFS(Transaksi!$C:$C,Transaksi!$A:$A,$A27,Transaksi!$B:$B,"Keluar")) | D27: =IF($A27="","",$B27-$C27) | E27: =IF($A27="","",$E26+$D27) | F27: =IF(OR($A27="",$B27=0),"",REPT("█",MAX(1,ROUND(12*$B27/MAX($B$5:$B$35),0)))) | G27: =IF(OR($A27="",$C27=0),"",REPT("█",MAX(1,ROUND(12*$C27/MAX($C$5:$C$35),0)))) | H27: =IF($A27="","",DAY($A27))
A28: =IF(24>DAY(EOMONTH(DATE(Dashboard!$F$6,Dashboard!$C$6,1),0)),"",DATE(Dashboard!$F$6,Dashboard!$C$6,24)) | B28: =IF($A28="","",SUMIFS(Transaksi!$C:$C,Transaksi!$A:$A,$A28,Transaksi!$B:$B,"Masuk")) | C28: =IF($A28="","",SUMIFS(Transaksi!$C:$C,Transaksi!$A:$A,$A28,Transaksi!$B:$B,"Keluar")) | D28: =IF($A28="","",$B28-$C28) | E28: =IF($A28="","",$E27+$D28) | F28: =IF(OR($A28="",$B28=0),"",REPT("█",MAX(1,ROUND(12*$B28/MAX($B$5:$B$35),0)))) | G28: =IF(OR($A28="",$C28=0),"",REPT("█",MAX(1,ROUND(12*$C28/MAX($C$5:$C$35),0)))) | H28: =IF($A28="","",DAY($A28))
A29: =IF(25>DAY(EOMONTH(DATE(Dashboard!$F$6,Dashboard!$C$6,1),0)),"",DATE(Dashboard!$F$6,Dashboard!$C$6,25)) | B29: =IF($A29="","",SUMIFS(Transaksi!$C:$C,Transaksi!$A:$A,$A29,Transaksi!$B:$B,"Masuk")) | C29: =IF($A29="","",SUMIFS(Transaksi!$C:$C,Transaksi!$A:$A,$A29,Transaksi!$B:$B,"Keluar")) | D29: =IF($A29="","",$B29-$C29) | E29: =IF($A29="","",$E28+$D29) | F29: =IF(OR($A29="",$B29=0),"",REPT("█",MAX(1,ROUND(12*$B29/MAX($B$5:$B$35),0)))) | G29: =IF(OR($A29="",$C29=0),"",REPT("█",MAX(1,ROUND(12*$C29/MAX($C$5:$C$35),0)))) | H29: =IF($A29="","",DAY($A29))
A30: =IF(26>DAY(EOMONTH(DATE(Dashboard!$F$6,Dashboard!$C$6,1),0)),"",DATE(Dashboard!$F$6,Dashboard!$C$6,26)) | B30: =IF($A30="","",SUMIFS(Transaksi!$C:$C,Transaksi!$A:$A,$A30,Transaksi!$B:$B,"Masuk")) | C30: =IF($A30="","",SUMIFS(Transaksi!$C:$C,Transaksi!$A:$A,$A30,Transaksi!$B:$B,"Keluar")) | D30: =IF($A30="","",$B30-$C30) | E30: =IF($A30="","",$E29+$D30) | F30: =IF(OR($A30="",$B30=0),"",REPT("█",MAX(1,ROUND(12*$B30/MAX($B$5:$B$35),0)))) | G30: =IF(OR($A30="",$C30=0),"",REPT("█",MAX(1,ROUND(12*$C30/MAX($C$5:$C$35),0)))) | H30: =IF($A30="","",DAY($A30))
A31: =IF(27>DAY(EOMONTH(DATE(Dashboard!$F$6,Dashboard!$C$6,1),0)),"",DATE(Dashboard!$F$6,Dashboard!$C$6,27)) | B31: =IF($A31="","",SUMIFS(Transaksi!$C:$C,Transaksi!$A:$A,$A31,Transaksi!$B:$B,"Masuk")) | C31: =IF($A31="","",SUMIFS(Transaksi!$C:$C,Transaksi!$A:$A,$A31,Transaksi!$B:$B,"Keluar")) | D31: =IF($A31="","",$B31-$C31) | E31: =IF($A31="","",$E30+$D31) | F31: =IF(OR($A31="",$B31=0),"",REPT("█",MAX(1,ROUND(12*$B31/MAX($B$5:$B$35),0)))) | G31: =IF(OR($A31="",$C31=0),"",REPT("█",MAX(1,ROUND(12*$C31/MAX($C$5:$C$35),0)))) | H31: =IF($A31="","",DAY($A31))
A32: =IF(28>DAY(EOMONTH(DATE(Dashboard!$F$6,Dashboard!$C$6,1),0)),"",DATE(Dashboard!$F$6,Dashboard!$C$6,28)) | B32: =IF($A32="","",SUMIFS(Transaksi!$C:$C,Transaksi!$A:$A,$A32,Transaksi!$B:$B,"Masuk")) | C32: =IF($A32="","",SUMIFS(Transaksi!$C:$C,Transaksi!$A:$A,$A32,Transaksi!$B:$B,"Keluar")) | D32: =IF($A32="","",$B32-$C32) | E32: =IF($A32="","",$E31+$D32) | F32: =IF(OR($A32="",$B32=0),"",REPT("█",MAX(1,ROUND(12*$B32/MAX($B$5:$B$35),0)))) | G32: =IF(OR($A32="",$C32=0),"",REPT("█",MAX(1,ROUND(12*$C32/MAX($C$5:$C$35),0)))) | H32: =IF($A32="","",DAY($A32))
A33: =IF(29>DAY(EOMONTH(DATE(Dashboard!$F$6,Dashboard!$C$6,1),0)),"",DATE(Dashboard!$F$6,Dashboard!$C$6,29)) | B33: =IF($A33="","",SUMIFS(Transaksi!$C:$C,Transaksi!$A:$A,$A33,Transaksi!$B:$B,"Masuk")) | C33: =IF($A33="","",SUMIFS(Transaksi!$C:$C,Transaksi!$A:$A,$A33,Transaksi!$B:$B,"Keluar")) | D33: =IF($A33="","",$B33-$C33) | E33: =IF($A33="","",$E32+$D33) | F33: =IF(OR($A33="",$B33=0),"",REPT("█",MAX(1,ROUND(12*$B33/MAX($B$5:$B$35),0)))) | G33: =IF(OR($A33="",$C33=0),"",REPT("█",MAX(1,ROUND(12*$C33/MAX($C$5:$C$35),0)))) | H33: =IF($A33="","",DAY($A33))
A34: =IF(30>DAY(EOMONTH(DATE(Dashboard!$F$6,Dashboard!$C$6,1),0)),"",DATE(Dashboard!$F$6,Dashboard!$C$6,30)) | B34: =IF($A34="","",SUMIFS(Transaksi!$C:$C,Transaksi!$A:$A,$A34,Transaksi!$B:$B,"Masuk")) | C34: =IF($A34="","",SUMIFS(Transaksi!$C:$C,Transaksi!$A:$A,$A34,Transaksi!$B:$B,"Keluar")) | D34: =IF($A34="","",$B34-$C34) | E34: =IF($A34="","",$E33+$D34) | F34: =IF(OR($A34="",$B34=0),"",REPT("█",MAX(1,ROUND(12*$B34/MAX($B$5:$B$35),0)))) | G34: =IF(OR($A34="",$C34=0),"",REPT("█",MAX(1,ROUND(12*$C34/MAX($C$5:$C$35),0)))) | H34: =IF($A34="","",DAY($A34))
A35: =IF(31>DAY(EOMONTH(DATE(Dashboard!$F$6,Dashboard!$C$6,1),0)),"",DATE(Dashboard!$F$6,Dashboard!$C$6,31)) | B35: =IF($A35="","",SUMIFS(Transaksi!$C:$C,Transaksi!$A:$A,$A35,Transaksi!$B:$B,"Masuk")) | C35: =IF($A35="","",SUMIFS(Transaksi!$C:$C,Transaksi!$A:$A,$A35,Transaksi!$B:$B,"Keluar")) | D35: =IF($A35="","",$B35-$C35) | E35: =IF($A35="","",$E34+$D35) | F35: =IF(OR($A35="",$B35=0),"",REPT("█",MAX(1,ROUND(12*$B35/MAX($B$5:$B$35),0)))) | G35: =IF(OR($A35="",$C35=0),"",REPT("█",MAX(1,ROUND(12*$C35/MAX($C$5:$C$35),0)))) | H35: =IF($A35="","",DAY($A35))
A37: TOTAL BULAN | B37: =SUM(B5:B35) | C37: =SUM(C5:C35) | D37: =SUM(D5:D35)
A39: Baris merah pada Saldo Berjalan = kas minus pada hari itu. Kolom Grafik memakai balok █ supaya tetap terbaca di HP.

Sheet Kategori
B2: KASUMKM · DAFTAR PILIHAN
B3: Kategori & Dropdown
B4: Boleh ditambah atau diubah sesuai jenis usaha. Isi tanpa baris kosong di tengah.
B6: Kategori Pemasukan | C6: Kategori Pengeluaran | D6: Metode Bayar | E6: Status | F6: Jenis | G6: Semua Kategori (bantu)
B7: Penjualan Tunai | C7: Bahan Baku | D7: Tunai | E7: Belum Ditinjau | F7: Masuk | G7: Penjualan Tunai
B8: Penjualan Online | C8: Barang Dagang | D8: Transfer Bank | E8: Disetujui | F8: Keluar | G8: Penjualan Online
B9: Pendapatan Jasa | C9: Gaji & Upah | D9: QRIS | E9: Perlu Perbaikan | G9: Pendapatan Jasa
B10: Titipan/Konsinyasi | C10: Sewa Tempat | D10: E-wallet | G10: Titipan/Konsinyasi
B11: Pendapatan Lain-lain | C11: Listrik & Air | D11: Lainnya | G11: Pendapatan Lain-lain
C12: Transport & Kirim | G12: Bahan Baku
C13: Kemasan | G13: Barang Dagang
C14: Pulsa & Internet | G14: Gaji & Upah
C15: Peralatan | G15: Sewa Tempat
C16: Promosi | G16: Listrik & Air
C17: Pajak & Retribusi | G17: Transport & Kirim
C18: Pengeluaran Lain-lain | G18: Kemasan
G19: Pulsa & Internet
G20: Peralatan
G21: Promosi
G22: Pajak & Retribusi
G23: Pengeluaran Lain-lain
B44: Setelah menambah kategori baru, salin juga ke kolom 'Semua Kategori (bantu)' agar muncul di dropdown sheet Transaksi.

Sheet Cek Data
B2: KASUMKM · KUALITAS DATA
B3: Cek Data
B4: Pakai Filter pada kolom Masalah → hilangkan centang (Kosong) untuk melihat hanya baris yang perlu diperbaiki.
B6: RINGKASAN
B7: Baris tanpa kategori | C7: =COUNTIFS(Transaksi!$A$2:$A$501,"<>",Transaksi!$E$2:$E$501,"")
B8: Baris tanpa nominal | C8: =COUNTIFS(Transaksi!$A$2:$A$501,"<>",Transaksi!$C$2:$C$501,"")
B9: Baris belum disetujui | C9: =COUNTIFS(Transaksi!$A$2:$A$501,"<>",Transaksi!$G$2:$G$501,"<>Disetujui")
B10: Total baris terisi | C10: =COUNTA(Transaksi!$A$2:$A$501)
B12: Baris di Transaksi | C12: Tanggal | D12: Nominal | E12: Keterangan | F12: Masalah
B13: =IF(Transaksi!$A2="","",2) | C13: =IF(Transaksi!$A2="","",Transaksi!$A2) | D13: =IF(Transaksi!$A2="","",Transaksi!$C2) | E13: =IF(Transaksi!$A2="","",Transaksi!$D2) | F13: =IF(Transaksi!$A2="","",TRIM(IF(Transaksi!$C2="","Nominal kosong. ","")&IF(N(Transaksi!$C2)<0,"Nominal negatif. ","")&IF(Transaksi!$B2="","Jenis belum diisi. ","")&IF(Transaksi!$E2="","Kategori belum diisi. ","")&IF(Transaksi!$A2>TODAY(),"Tanggal di masa depan. ","")&IF(COUNTIFS(Transaksi!$A$2:$A$501,Transaksi!$A2,Transaksi!$C$2:$C$501,Transaksi!$C2,Transaksi!$D$2:$D$501,Transaksi!$D2)>1,"Kemungkinan duplikat. ","")))
B14: =IF(Transaksi!$A3="","",3) | C14: =IF(Transaksi!$A3="","",Transaksi!$A3) | D14: =IF(Transaksi!$A3="","",Transaksi!$C3) | E14: =IF(Transaksi!$A3="","",Transaksi!$D3) | F14: =IF(Transaksi!$A3="","",TRIM(IF(Transaksi!$C3="","Nominal kosong. ","")&IF(N(Transaksi!$C3)<0,"Nominal negatif. ","")&IF(Transaksi!$B3="","Jenis belum diisi. ","")&IF(Transaksi!$E3="","Kategori belum diisi. ","")&IF(Transaksi!$A3>TODAY(),"Tanggal di masa depan. ","")&IF(COUNTIFS(Transaksi!$A$2:$A$501,Transaksi!$A3,Transaksi!$C$2:$C$501,Transaksi!$C3,Transaksi!$D$2:$D$501,Transaksi!$D3)>1,"Kemungkinan duplikat. ","")))
B15: =IF(Transaksi!$A4="","",4) | C15: =IF(Transaksi!$A4="","",Transaksi!$A4) | D15: =IF(Transaksi!$A4="","",Transaksi!$C4) | E15: =IF(Transaksi!$A4="","",Transaksi!$D4) | F15: =IF(Transaksi!$A4="","",TRIM(IF(Transaksi!$C4="","Nominal kosong. ","")&IF(N(Transaksi!$C4)<0,"Nominal negatif. ","")&IF(Transaksi!$B4="","Jenis belum diisi. ","")&IF(Transaksi!$E4="","Kategori belum diisi. ","")&IF(Transaksi!$A4>TODAY(),"Tanggal di masa depan. ","")&IF(COUNTIFS(Transaksi!$A$2:$A$501,Transaksi!$A4,Transaksi!$C$2:$C$501,Transaksi!$C4,Transaksi!$D$2:$D$501,Transaksi!$D4)>1,"Kemungkinan duplikat. ","")))
B16: =IF(Transaksi!$A5="","",5) | C16: =IF(Transaksi!$A5="","",Transaksi!$A5) | D16: =IF(Transaksi!$A5="","",Transaksi!$C5) | E16: =IF(Transaksi!$A5="","",Transaksi!$D5) | F16: =IF(Transaksi!$A5="","",TRIM(IF(Transaksi!$C5="","Nominal kosong. ","")&IF(N(Transaksi!$C5)<0,"Nominal negatif. ","")&IF(Transaksi!$B5="","Jenis belum diisi. ","")&IF(Transaksi!$E5="","Kategori belum diisi. ","")&IF(Transaksi!$A5>TODAY(),"Tanggal di masa depan. ","")&IF(COUNTIFS(Transaksi!$A$2:$A$501,Transaksi!$A5,Transaksi!$C$2:$C$501,Transaksi!$C5,Transaksi!$D$2:$D$501,Transaksi!$D5)>1,"Kemungkinan duplikat. ","")))
B17: =IF(Transaksi!$A6="","",6) | C17: =IF(Transaksi!$A6="","",Transaksi!$A6) | D17: =IF(Transaksi!$A6="","",Transaksi!$C6) | E17: =IF(Transaksi!$A6="","",Transaksi!$D6) | F17: =IF(Transaksi!$A6="","",TRIM(IF(Transaksi!$C6="","Nominal kosong. ","")&IF(N(Transaksi!$C6)<0,"Nominal negatif. ","")&IF(Transaksi!$B6="","Jenis belum diisi. ","")&IF(Transaksi!$E6="","Kategori belum diisi. ","")&IF(Transaksi!$A6>TODAY(),"Tanggal di masa depan. ","")&IF(COUNTIFS(Transaksi!$A$2:$A$501,Transaksi!$A6,Transaksi!$C$2:$C$501,Transaksi!$C6,Transaksi!$D$2:$D$501,Transaksi!$D6)>1,"Kemungkinan duplikat. ","")))
B18: =IF(Transaksi!$A7="","",7) | C18: =IF(Transaksi!$A7="","",Transaksi!$A7) | D18: =IF(Transaksi!$A7="","",Transaksi!$C7) | E18: =IF(Transaksi!$A7="","",Transaksi!$D7) | F18: =IF(Transaksi!$A7="","",TRIM(IF(Transaksi!$C7="","Nominal kosong. ","")&IF(N(Transaksi!$C7)<0,"Nominal negatif. ","")&IF(Transaksi!$B7="","Jenis belum diisi. ","")&IF(Transaksi!$E7="","Kategori belum diisi. ","")&IF(Transaksi!$A7>TODAY(),"Tanggal di masa depan. ","")&IF(COUNTIFS(Transaksi!$A$2:$A$501,Transaksi!$A7,Transaksi!$C$2:$C$501,Transaksi!$C7,Transaksi!$D$2:$D$501,Transaksi!$D7)>1,"Kemungkinan duplikat. ","")))
B19: =IF(Transaksi!$A8="","",8) | C19: =IF(Transaksi!$A8="","",Transaksi!$A8) | D19: =IF(Transaksi!$A8="","",Transaksi!$C8) | E19: =IF(Transaksi!$A8="","",Transaksi!$D8) | F19: =IF(Transaksi!$A8="","",TRIM(IF(Transaksi!$C8="","Nominal kosong. ","")&IF(N(Transaksi!$C8)<0,"Nominal negatif. ","")&IF(Transaksi!$B8="","Jenis belum diisi. ","")&IF(Transaksi!$E8="","Kategori belum diisi. ","")&IF(Transaksi!$A8>TODAY(),"Tanggal di masa depan. ","")&IF(COUNTIFS(Transaksi!$A$2:$A$501,Transaksi!$A8,Transaksi!$C$2:$C$501,Transaksi!$C8,Transaksi!$D$2:$D$501,Transaksi!$D8)>1,"Kemungkinan duplikat. ","")))
B20: =IF(Transaksi!$A9="","",9) | C20: =IF(Transaksi!$A9="","",Transaksi!$A9) | D20: =IF(Transaksi!$A9="","",Transaksi!$C9) | E20: =IF(Transaksi!$A9="","",Transaksi!$D9) | F20: =IF(Transaksi!$A9="","",TRIM(IF(Transaksi!$C9="","Nominal kosong. ","")&IF(N(Transaksi!$C9)<0,"Nominal negatif. ","")&IF(Transaksi!$B9="","Jenis belum diisi. ","")&IF(Transaksi!$E9="","Kategori belum diisi. ","")&IF(Transaksi!$A9>TODAY(),"Tanggal di masa depan. ","")&IF(COUNTIFS(Transaksi!$A$2:$A$501,Transaksi!$A9,Transaksi!$C$2:$C$501,Transaksi!$C9,Transaksi!$D$2:$D$501,Transaksi!$D9)>1,"Kemungkinan duplikat. ","")))
B21: =IF(Transaksi!$A10="","",10) | C21: =IF(Transaksi!$A10="","",Transaksi!$A10) | D21: =IF(Transaksi!$A10="","",Transaksi!$C10) | E21: =IF(Transaksi!$A10="","",Transaksi!$D10) | F21: =IF(Transaksi!$A10="","",TRIM(IF(Transaksi!$C10="","Nominal kosong. ","")&IF(N(Transaksi!$C10)<0,"Nominal negatif. ","")&IF(Transaksi!$B10="","Jenis belum diisi. ","")&IF(Transaksi!$E10="","Kategori belum diisi. ","")&IF(Transaksi!$A10>TODAY(),"Tanggal di masa depan. ","")&IF(COUNTIFS(Transaksi!$A$2:$A$501,Transaksi!$A10,Transaksi!$C$2:$C$501,Transaksi!$C10,Transaksi!$D$2:$D$501,Transaksi!$D10)>1,"Kemungkinan duplikat. ","")))
B22: =IF(Transaksi!$A11="","",11) | C22: =IF(Transaksi!$A11="","",Transaksi!$A11) | D22: =IF(Transaksi!$A11="","",Transaksi!$C11) | E22: =IF(Transaksi!$A11="","",Transaksi!$D11) | F22: =IF(Transaksi!$A11="","",TRIM(IF(Transaksi!$C11="","Nominal kosong. ","")&IF(N(Transaksi!$C11)<0,"Nominal negatif. ","")&IF(Transaksi!$B11="","Jenis belum diisi. ","")&IF(Transaksi!$E11="","Kategori belum diisi. ","")&IF(Transaksi!$A11>TODAY(),"Tanggal di masa depan. ","")&IF(COUNTIFS(Transaksi!$A$2:$A$501,Transaksi!$A11,Transaksi!$C$2:$C$501,Transaksi!$C11,Transaksi!$D$2:$D$501,Transaksi!$D11)>1,"Kemungkinan duplikat. ","")))
B23: =IF(Transaksi!$A12="","",12) | C23: =IF(Transaksi!$A12="","",Transaksi!$A12) | D23: =IF(Transaksi!$A12="","",Transaksi!$C12) | E23: =IF(Transaksi!$A12="","",Transaksi!$D12) | F23: =IF(Transaksi!$A12="","",TRIM(IF(Transaksi!$C12="","Nominal kosong. ","")&IF(N(Transaksi!$C12)<0,"Nominal negatif. ","")&IF(Transaksi!$B12="","Jenis belum diisi. ","")&IF(Transaksi!$E12="","Kategori belum diisi. ","")&IF(Transaksi!$A12>TODAY(),"Tanggal di masa depan. ","")&IF(COUNTIFS(Transaksi!$A$2:$A$501,Transaksi!$A12,Transaksi!$C$2:$C$501,Transaksi!$C12,Transaksi!$D$2:$D$501,Transaksi!$D12)>1,"Kemungkinan duplikat. ","")))
B24: =IF(Transaksi!$A13="","",13) | C24: =IF(Transaksi!$A13="","",Transaksi!$A13) | D24: =IF(Transaksi!$A13="","",Transaksi!$C13) | E24: =IF(Transaksi!$A13="","",Transaksi!$D13) | F24: =IF(Transaksi!$A13="","",TRIM(IF(Transaksi!$C13="","Nominal kosong. ","")&IF(N(Transaksi!$C13)<0,"Nominal negatif. ","")&IF(Transaksi!$B13="","Jenis belum diisi. ","")&IF(Transaksi!$E13="","Kategori belum diisi. ","")&IF(Transaksi!$A13>TODAY(),"Tanggal di masa depan. ","")&IF(COUNTIFS(Transaksi!$A$2:$A$501,Transaksi!$A13,Transaksi!$C$2:$C$501,Transaksi!$C13,Transaksi!$D$2:$D$501,Transaksi!$D13)>1,"Kemungkinan duplikat. ","")))
B25: =IF(Transaksi!$A14="","",14) | C25: =IF(Transaksi!$A14="","",Transaksi!$A14) | D25: =IF(Transaksi!$A14="","",Transaksi!$C14) | E25: =IF(Transaksi!$A14="","",Transaksi!$D14) | F25: =IF(Transaksi!$A14="","",TRIM(IF(Transaksi!$C14="","Nominal kosong. ","")&IF(N(Transaksi!$C14)<0,"Nominal negatif. ","")&IF(Transaksi!$B14="","Jenis belum diisi. ","")&IF(Transaksi!$E14="","Kategori belum diisi. ","")&IF(Transaksi!$A14>TODAY(),"Tanggal di masa depan. ","")&IF(COUNTIFS(Transaksi!$A$2:$A$501,Transaksi!$A14,Transaksi!$C$2:$C$501,Transaksi!$C14,Transaksi!$D$2:$D$501,Transaksi!$D14)>1,"Kemungkinan duplikat. ","")))
B26: =IF(Transaksi!$A15="","",15) | C26: =IF(Transaksi!$A15="","",Transaksi!$A15) | D26: =IF(Transaksi!$A15="","",Transaksi!$C15) | E26: =IF(Transaksi!$A15="","",Transaksi!$D15) | F26: =IF(Transaksi!$A15="","",TRIM(IF(Transaksi!$C15="","Nominal kosong. ","")&IF(N(Transaksi!$C15)<0,"Nominal negatif. ","")&IF(Transaksi!$B15="","Jenis belum diisi. ","")&IF(Transaksi!$E15="","Kategori belum diisi. ","")&IF(Transaksi!$A15>TODAY(),"Tanggal di masa depan. ","")&IF(COUNTIFS(Transaksi!$A$2:$A$501,Transaksi!$A15,Transaksi!$C$2:$C$501,Transaksi!$C15,Transaksi!$D$2:$D$501,Transaksi!$D15)>1,"Kemungkinan duplikat. ","")))
B27: =IF(Transaksi!$A16="","",16) | C27: =IF(Transaksi!$A16="","",Transaksi!$A16) | D27: =IF(Transaksi!$A16="","",Transaksi!$C16) | E27: =IF(Transaksi!$A16="","",Transaksi!$D16) | F27: =IF(Transaksi!$A16="","",TRIM(IF(Transaksi!$C16="","Nominal kosong. ","")&IF(N(Transaksi!$C16)<0,"Nominal negatif. ","")&IF(Transaksi!$B16="","Jenis belum diisi. ","")&IF(Transaksi!$E16="","Kategori belum diisi. ","")&IF(Transaksi!$A16>TODAY(),"Tanggal di masa depan. ","")&IF(COUNTIFS(Transaksi!$A$2:$A$501,Transaksi!$A16,Transaksi!$C$2:$C$501,Transaksi!$C16,Transaksi!$D$2:$D$501,Transaksi!$D16)>1,"Kemungkinan duplikat. ","")))
B28: =IF(Transaksi!$A17="","",17) | C28: =IF(Transaksi!$A17="","",Transaksi!$A17) | D28: =IF(Transaksi!$A17="","",Transaksi!$C17) | E28: =IF(Transaksi!$A17="","",Transaksi!$D17) | F28: =IF(Transaksi!$A17="","",TRIM(IF(Transaksi!$C17="","Nominal kosong. ","")&IF(N(Transaksi!$C17)<0,"Nominal negatif. ","")&IF(Transaksi!$B17="","Jenis belum diisi. ","")&IF(Transaksi!$E17="","Kategori belum diisi. ","")&IF(Transaksi!$A17>TODAY(),"Tanggal di masa depan. ","")&IF(COUNTIFS(Transaksi!$A$2:$A$501,Transaksi!$A17,Transaksi!$C$2:$C$501,Transaksi!$C17,Transaksi!$D$2:$D$501,Transaksi!$D17)>1,"Kemungkinan duplikat. ","")))
B29: =IF(Transaksi!$A18="","",18) | C29: =IF(Transaksi!$A18="","",Transaksi!$A18) | D29: =IF(Transaksi!$A18="","",Transaksi!$C18) | E29: =IF(Transaksi!$A18="","",Transaksi!$D18) | F29: =IF(Transaksi!$A18="","",TRIM(IF(Transaksi!$C18="","Nominal kosong. ","")&IF(N(Transaksi!$C18)<0,"Nominal negatif. ","")&IF(Transaksi!$B18="","Jenis belum diisi. ","")&IF(Transaksi!$E18="","Kategori belum diisi. ","")&IF(Transaksi!$A18>TODAY(),"Tanggal di masa depan. ","")&IF(COUNTIFS(Transaksi!$A$2:$A$501,Transaksi!$A18,Transaksi!$C$2:$C$501,Transaksi!$C18,Transaksi!$D$2:$D$501,Transaksi!$D18)>1,"Kemungkinan duplikat. ","")))
B30: =IF(Transaksi!$A19="","",19) | C30: =IF(Transaksi!$A19="","",Transaksi!$A19) | D30: =IF(Transaksi!$A19="","",Transaksi!$C19) | E30: =IF(Transaksi!$A19="","",Transaksi!$D19) | F30: =IF(Transaksi!$A19="","",TRIM(IF(Transaksi!$C19="","Nominal kosong. ","")&IF(N(Transaksi!$C19)<0,"Nominal negatif. ","")&IF(Transaksi!$B19="","Jenis belum diisi. ","")&IF(Transaksi!$E19="","Kategori belum diisi. ","")&IF(Transaksi!$A19>TODAY(),"Tanggal di masa depan. ","")&IF(COUNTIFS(Transaksi!$A$2:$A$501,Transaksi!$A19,Transaksi!$C$2:$C$501,Transaksi!$C19,Transaksi!$D$2:$D$501,Transaksi!$D19)>1,"Kemungkinan duplikat. ","")))
B31: =IF(Transaksi!$A20="","",20) | C31: =IF(Transaksi!$A20="","",Transaksi!$A20) | D31: =IF(Transaksi!$A20="","",Transaksi!$C20) | E31: =IF(Transaksi!$A20="","",Transaksi!$D20) | F31: =IF(Transaksi!$A20="","",TRIM(IF(Transaksi!$C20="","Nominal kosong. ","")&IF(N(Transaksi!$C20)<0,"Nominal negatif. ","")&IF(Transaksi!$B20="","Jenis belum diisi. ","")&IF(Transaksi!$E20="","Kategori belum diisi. ","")&IF(Transaksi!$A20>TODAY(),"Tanggal di masa depan. ","")&IF(COUNTIFS(Transaksi!$A$2:$A$501,Transaksi!$A20,Transaksi!$C$2:$C$501,Transaksi!$C20,Transaksi!$D$2:$D$501,Transaksi!$D20)>1,"Kemungkinan duplikat. ","")))
B32: =IF(Transaksi!$A21="","",21) | C32: =IF(Transaksi!$A21="","",Transaksi!$A21) | D32: =IF(Transaksi!$A21="","",Transaksi!$C21) | E32: =IF(Transaksi!$A21="","",Transaksi!$D21) | F32: =IF(Transaksi!$A21="","",TRIM(IF(Transaksi!$C21="","Nominal kosong. ","")&IF(N(Transaksi!$C21)<0,"Nominal negatif. ","")&IF(Transaksi!$B21="","Jenis belum diisi. ","")&IF(Transaksi!$E21="","Kategori belum diisi. ","")&IF(Transaksi!$A21>TODAY(),"Tanggal di masa depan. ","")&IF(COUNTIFS(Transaksi!$A$2:$A$501,Transaksi!$A21,Transaksi!$C$2:$C$501,Transaksi!$C21,Transaksi!$D$2:$D$501,Transaksi!$D21)>1,"Kemungkinan duplikat. ","")))
B33: =IF(Transaksi!$A22="","",22) | C33: =IF(Transaksi!$A22="","",Transaksi!$A22) | D33: =IF(Transaksi!$A22="","",Transaksi!$C22) | E33: =IF(Transaksi!$A22="","",Transaksi!$D22) | F33: =IF(Transaksi!$A22="","",TRIM(IF(Transaksi!$C22="","Nominal kosong. ","")&IF(N(Transaksi!$C22)<0,"Nominal negatif. ","")&IF(Transaksi!$B22="","Jenis belum diisi. ","")&IF(Transaksi!$E22="","Kategori belum diisi. ","")&IF(Transaksi!$A22>TODAY(),"Tanggal di masa depan. ","")&IF(COUNTIFS(Transaksi!$A$2:$A$501,Transaksi!$A22,Transaksi!$C$2:$C$501,Transaksi!$C22,Transaksi!$D$2:$D$501,Transaksi!$D22)>1,"Kemungkinan duplikat. ","")))
B34: =IF(Transaksi!$A23="","",23) | C34: =IF(Transaksi!$A23="","",Transaksi!$A23) | D34: =IF(Transaksi!$A23="","",Transaksi!$C23) | E34: =IF(Transaksi!$A23="","",Transaksi!$D23) | F34: =IF(Transaksi!$A23="","",TRIM(IF(Transaksi!$C23="","Nominal kosong. ","")&IF(N(Transaksi!$C23)<0,"Nominal negatif. ","")&IF(Transaksi!$B23="","Jenis belum diisi. ","")&IF(Transaksi!$E23="","Kategori belum diisi. ","")&IF(Transaksi!$A23>TODAY(),"Tanggal di masa depan. ","")&IF(COUNTIFS(Transaksi!$A$2:$A$501,Transaksi!$A23,Transaksi!$C$2:$C$501,Transaksi!$C23,Transaksi!$D$2:$D$501,Transaksi!$D23)>1,"Kemungkinan duplikat. ","")))
B35: =IF(Transaksi!$A24="","",24) | C35: =IF(Transaksi!$A24="","",Transaksi!$A24) | D35: =IF(Transaksi!$A24="","",Transaksi!$C24) | E35: =IF(Transaksi!$A24="","",Transaksi!$D24) | F35: =IF(Transaksi!$A24="","",TRIM(IF(Transaksi!$C24="","Nominal kosong. ","")&IF(N(Transaksi!$C24)<0,"Nominal negatif. ","")&IF(Transaksi!$B24="","Jenis belum diisi. ","")&IF(Transaksi!$E24="","Kategori belum diisi. ","")&IF(Transaksi!$A24>TODAY(),"Tanggal di masa depan. ","")&IF(COUNTIFS(Transaksi!$A$2:$A$501,Transaksi!$A24,Transaksi!$C$2:$C$501,Transaksi!$C24,Transaksi!$D$2:$D$501,Transaksi!$D24)>1,"Kemungkinan duplikat. ","")))
B36: =IF(Transaksi!$A25="","",25) | C36: =IF(Transaksi!$A25="","",Transaksi!$A25) | D36: =IF(Transaksi!$A25="","",Transaksi!$C25) | E36: =IF(Transaksi!$A25="","",Transaksi!$D25) | F36: =IF(Transaksi!$A25="","",TRIM(IF(Transaksi!$C25="","Nominal kosong. ","")&IF(N(Transaksi!$C25)<0,"Nominal negatif. ","")&IF(Transaksi!$B25="","Jenis belum diisi. ","")&IF(Transaksi!$E25="","Kategori belum diisi. ","")&IF(Transaksi!$A25>TODAY(),"Tanggal di masa depan. ","")&IF(COUNTIFS(Transaksi!$A$2:$A$501,Transaksi!$A25,Transaksi!$C$2:$C$501,Transaksi!$C25,Transaksi!$D$2:$D$501,Transaksi!$D25)>1,"Kemungkinan duplikat. ","")))
B37: =IF(Transaksi!$A26="","",26) | C37: =IF(Transaksi!$A26="","",Transaksi!$A26) | D37: =IF(Transaksi!$A26="","",Transaksi!$C26) | E37: =IF(Transaksi!$A26="","",Transaksi!$D26) | F37: =IF(Transaksi!$A26="","",TRIM(IF(Transaksi!$C26="","Nominal kosong. ","")&IF(N(Transaksi!$C26)<0,"Nominal negatif. ","")&IF(Transaksi!$B26="","Jenis belum diisi. ","")&IF(Transaksi!$E26="","Kategori belum diisi. ","")&IF(Transaksi!$A26>TODAY(),"Tanggal di masa depan. ","")&IF(COUNTIFS(Transaksi!$A$2:$A$501,Transaksi!$A26,Transaksi!$C$2:$C$501,Transaksi!$C26,Transaksi!$D$2:$D$501,Transaksi!$D26)>1,"Kemungkinan duplikat. ","")))
B38: =IF(Transaksi!$A27="","",27) | C38: =IF(Transaksi!$A27="","",Transaksi!$A27) | D38: =IF(Transaksi!$A27="","",Transaksi!$C27) | E38: =IF(Transaksi!$A27="","",Transaksi!$D27) | F38: =IF(Transaksi!$A27="","",TRIM(IF(Transaksi!$C27="","Nominal kosong. ","")&IF(N(Transaksi!$C27)<0,"Nominal negatif. ","")&IF(Transaksi!$B27="","Jenis belum diisi. ","")&IF(Transaksi!$E27="","Kategori belum diisi. ","")&IF(Transaksi!$A27>TODAY(),"Tanggal di masa depan. ","")&IF(COUNTIFS(Transaksi!$A$2:$A$501,Transaksi!$A27,Transaksi!$C$2:$C$501,Transaksi!$C27,Transaksi!$D$2:$D$501,Transaksi!$D27)>1,"Kemungkinan duplikat. ","")))
B39: =IF(Transaksi!$A28="","",28) | C39: =IF(Transaksi!$A28="","",Transaksi!$A28) | D39: =IF(Transaksi!$A28="","",Transaksi!$C28) | E39: =IF(Transaksi!$A28="","",Transaksi!$D28) | F39: =IF(Transaksi!$A28="","",TRIM(IF(Transaksi!$C28="","Nominal kosong. ","")&IF(N(Transaksi!$C28)<0,"Nominal negatif. ","")&IF(Transaksi!$B28="","Jenis belum diisi. ","")&IF(Transaksi!$E28="","Kategori belum diisi. ","")&IF(Transaksi!$A28>TODAY(),"Tanggal di masa depan. ","")&IF(COUNTIFS(Transaksi!$A$2:$A$501,Transaksi!$A28,Transaksi!$C$2:$C$501,Transaksi!$C28,Transaksi!$D$2:$D$501,Transaksi!$D28)>1,"Kemungkinan duplikat. ","")))
B40: =IF(Transaksi!$A29="","",29) | C40: =IF(Transaksi!$A29="","",Transaksi!$A29) | D40: =IF(Transaksi!$A29="","",Transaksi!$C29) | E40: =IF(Transaksi!$A29="","",Transaksi!$D29) | F40: =IF(Transaksi!$A29="","",TRIM(IF(Transaksi!$C29="","Nominal kosong. ","")&IF(N(Transaksi!$C29)<0,"Nominal negatif. ","")&IF(Transaksi!$B29="","Jenis belum diisi. ","")&IF(Transaksi!$E29="","Kategori belum diisi. ","")&IF(Transaksi!$A29>TODAY(),"Tanggal di masa depan. ","")&IF(COUNTIFS(Transaksi!$A$2:$A$501,Transaksi!$A29,Transaksi!$C$2:$C$501,Transaksi!$C29,Transaksi!$D$2:$D$501,Transaksi!$D29)>1,"Kemungkinan duplikat. ","")))
B41: =IF(Transaksi!$A30="","",30) | C41: =IF(Transaksi!$A30="","",Transaksi!$A30) | D41: =IF(Transaksi!$A30="","",Transaksi!$C30) | E41: =IF(Transaksi!$A30="","",Transaksi!$D30) | F41: =IF(Transaksi!$A30="","",TRIM(IF(Transaksi!$C30="","Nominal kosong. ","")&IF(N(Transaksi!$C30)<0,"Nominal negatif. ","")&IF(Transaksi!$B30="","Jenis belum diisi. ","")&IF(Transaksi!$E30="","Kategori belum diisi. ","")&IF(Transaksi!$A30>TODAY(),"Tanggal di masa depan. ","")&IF(COUNTIFS(Transaksi!$A$2:$A$501,Transaksi!$A30,Transaksi!$C$2:$C$501,Transaksi!$C30,Transaksi!$D$2:$D$501,Transaksi!$D30)>1,"Kemungkinan duplikat. ","")))
B42: =IF(Transaksi!$A31="","",31) | C42: =IF(Transaksi!$A31="","",Transaksi!$A31) | D42: =IF(Transaksi!$A31="","",Transaksi!$C31) | E42: =IF(Transaksi!$A31="","",Transaksi!$D31) | F42: =IF(Transaksi!$A31="","",TRIM(IF(Transaksi!$C31="","Nominal kosong. ","")&IF(N(Transaksi!$C31)<0,"Nominal negatif. ","")&IF(Transaksi!$B31="","Jenis belum diisi. ","")&IF(Transaksi!$E31="","Kategori belum diisi. ","")&IF(Transaksi!$A31>TODAY(),"Tanggal di masa depan. ","")&IF(COUNTIFS(Transaksi!$A$2:$A$501,Transaksi!$A31,Transaksi!$C$2:$C$501,Transaksi!$C31,Transaksi!$D$2:$D$501,Transaksi!$D31)>1,"Kemungkinan duplikat. ","")))
B43: =IF(Transaksi!$A32="","",32) | C43: =IF(Transaksi!$A32="","",Transaksi!$A32) | D43: =IF(Transaksi!$A32="","",Transaksi!$C32) | E43: =IF(Transaksi!$A32="","",Transaksi!$D32) | F43: =IF(Transaksi!$A32="","",TRIM(IF(Transaksi!$C32="","Nominal kosong. ","")&IF(N(Transaksi!$C32)<0,"Nominal negatif. ","")&IF(Transaksi!$B32="","Jenis belum diisi. ","")&IF(Transaksi!$E32="","Kategori belum diisi. ","")&IF(Transaksi!$A32>TODAY(),"Tanggal di masa depan. ","")&IF(COUNTIFS(Transaksi!$A$2:$A$501,Transaksi!$A32,Transaksi!$C$2:$C$501,Transaksi!$C32,Transaksi!$D$2:$D$501,Transaksi!$D32)>1,"Kemungkinan duplikat. ","")))
B44: =IF(Transaksi!$A33="","",33) | C44: =IF(Transaksi!$A33="","",Transaksi!$A33) | D44: =IF(Transaksi!$A33="","",Transaksi!$C33) | E44: =IF(Transaksi!$A33="","",Transaksi!$D33) | F44: =IF(Transaksi!$A33="","",TRIM(IF(Transaksi!$C33="","Nominal kosong. ","")&IF(N(Transaksi!$C33)<0,"Nominal negatif. ","")&IF(Transaksi!$B33="","Jenis belum diisi. ","")&IF(Transaksi!$E33="","Kategori belum diisi. ","")&IF(Transaksi!$A33>TODAY(),"Tanggal di masa depan. ","")&IF(COUNTIFS(Transaksi!$A$2:$A$501,Transaksi!$A33,Transaksi!$C$2:$C$501,Transaksi!$C33,Transaksi!$D$2:$D$501,Transaksi!$D33)>1,"Kemungkinan duplikat. ","")))
B45: =IF(Transaksi!$A34="","",34) | C45: =IF(Transaksi!$A34="","",Transaksi!$A34) | D45: =IF(Transaksi!$A34="","",Transaksi!$C34) | E45: =IF(Transaksi!$A34="","",Transaksi!$D34) | F45: =IF(Transaksi!$A34="","",TRIM(IF(Transaksi!$C34="","Nominal kosong. ","")&IF(N(Transaksi!$C34)<0,"Nominal negatif. ","")&IF(Transaksi!$B34="","Jenis belum diisi. ","")&IF(Transaksi!$E34="","Kategori belum diisi. ","")&IF(Transaksi!$A34>TODAY(),"Tanggal di masa depan. ","")&IF(COUNTIFS(Transaksi!$A$2:$A$501,Transaksi!$A34,Transaksi!$C$2:$C$501,Transaksi!$C34,Transaksi!$D$2:$D$501,Transaksi!$D34)>1,"Kemungkinan duplikat. ","")))
B46: =IF(Transaksi!$A35="","",35) | C46: =IF(Transaksi!$A35="","",Transaksi!$A35) | D46: =IF(Transaksi!$A35="","",Transaksi!$C35) | E46: =IF(Transaksi!$A35="","",Transaksi!$D35) | F46: =IF(Transaksi!$A35="","",TRIM(IF(Transaksi!$C35="","Nominal kosong. ","")&IF(N(Transaksi!$C35)<0,"Nominal negatif. ","")&IF(Transaksi!$B35="","Jenis belum diisi. ","")&IF(Transaksi!$E35="","Kategori belum diisi. ","")&IF(Transaksi!$A35>TODAY(),"Tanggal di masa depan. ","")&IF(COUNTIFS(Transaksi!$A$2:$A$501,Transaksi!$A35,Transaksi!$C$2:$C$501,Transaksi!$C35,Transaksi!$D$2:$D$501,Transaksi!$D35)>1,"Kemungkinan duplikat. ","")))
B47: =IF(Transaksi!$A36="","",36) | C47: =IF(Transaksi!$A36="","",Transaksi!$A36) | D47: =IF(Transaksi!$A36="","",Transaksi!$C36) | E47: =IF(Transaksi!$A36="","",Transaksi!$D36) | F47: =IF(Transaksi!$A36="","",TRIM(IF(Transaksi!$C36="","Nominal kosong. ","")&IF(N(Transaksi!$C36)<0,"Nominal negatif. ","")&IF(Transaksi!$B36="","Jenis belum diisi. ","")&IF(Transaksi!$E36="","Kategori belum diisi. ","")&IF(Transaksi!$A36>TODAY(),"Tanggal di masa depan. ","")&IF(COUNTIFS(Transaksi!$A$2:$A$501,Transaksi!$A36,Transaksi!$C$2:$C$501,Transaksi!$C36,Transaksi!$D$2:$D$501,Transaksi!$D36)>1,"Kemungkinan duplikat. ","")))
B48: =IF(Transaksi!$A37="","",37) | C48: =IF(Transaksi!$A37="","",Transaksi!$A37) | D48: =IF(Transaksi!$A37="","",Transaksi!$C37) | E48: =IF(Transaksi!$A37="","",Transaksi!$D37) | F48: =IF(Transaksi!$A37="","",TRIM(IF(Transaksi!$C37="","Nominal kosong. ","")&IF(N(Transaksi!$C37)<0,"Nominal negatif. ","")&IF(Transaksi!$B37="","Jenis belum diisi. ","")&IF(Transaksi!$E37="","Kategori belum diisi. ","")&IF(Transaksi!$A37>TODAY(),"Tanggal di masa depan. ","")&IF(COUNTIFS(Transaksi!$A$2:$A$501,Transaksi!$A37,Transaksi!$C$2:$C$501,Transaksi!$C37,Transaksi!$D$2:$D$501,Transaksi!$D37)>1,"Kemungkinan duplikat. ","")))
B49: =IF(Transaksi!$A38="","",38) | C49: =IF(Transaksi!$A38="","",Transaksi!$A38) | D49: =IF(Transaksi!$A38="","",Transaksi!$C38) | E49: =IF(Transaksi!$A38="","",Transaksi!$D38) | F49: =IF(Transaksi!$A38="","",TRIM(IF(Transaksi!$C38="","Nominal kosong. ","")&IF(N(Transaksi!$C38)<0,"Nominal negatif. ","")&IF(Transaksi!$B38="","Jenis belum diisi. ","")&IF(Transaksi!$E38="","Kategori belum diisi. ","")&IF(Transaksi!$A38>TODAY(),"Tanggal di masa depan. ","")&IF(COUNTIFS(Transaksi!$A$2:$A$501,Transaksi!$A38,Transaksi!$C$2:$C$501,Transaksi!$C38,Transaksi!$D$2:$D$501,Transaksi!$D38)>1,"Kemungkinan duplikat. ","")))
B50: =IF(Transaksi!$A39="","",39) | C50: =IF(Transaksi!$A39="","",Transaksi!$A39) | D50: =IF(Transaksi!$A39="","",Transaksi!$C39) | E50: =IF(Transaksi!$A39="","",Transaksi!$D39) | F50: =IF(Transaksi!$A39="","",TRIM(IF(Transaksi!$C39="","Nominal kosong. ","")&IF(N(Transaksi!$C39)<0,"Nominal negatif. ","")&IF(Transaksi!$B39="","Jenis belum diisi. ","")&IF(Transaksi!$E39="","Kategori belum diisi. ","")&IF(Transaksi!$A39>TODAY(),"Tanggal di masa depan. ","")&IF(COUNTIFS(Transaksi!$A$2:$A$501,Transaksi!$A39,Transaksi!$C$2:$C$501,Transaksi!$C39,Transaksi!$D$2:$D$501,Transaksi!$D39)>1,"Kemungkinan duplikat. ","")))
B51: =IF(Transaksi!$A40="","",40) | C51: =IF(Transaksi!$A40="","",Transaksi!$A40) | D51: =IF(Transaksi!$A40="","",Transaksi!$C40) | E51: =IF(Transaksi!$A40="","",Transaksi!$D40) | F51: =IF(Transaksi!$A40="","",TRIM(IF(Transaksi!$C40="","Nominal kosong. ","")&IF(N(Transaksi!$C40)<0,"Nominal negatif. ","")&IF(Transaksi!$B40="","Jenis belum diisi. ","")&IF(Transaksi!$E40="","Kategori belum diisi. ","")&IF(Transaksi!$A40>TODAY(),"Tanggal di masa depan. ","")&IF(COUNTIFS(Transaksi!$A$2:$A$501,Transaksi!$A40,Transaksi!$C$2:$C$501,Transaksi!$C40,Transaksi!$D$2:$D$501,Transaksi!$D40)>1,"Kemungkinan duplikat. ","")))
B52: =IF(Transaksi!$A41="","",41) | C52: =IF(Transaksi!$A41="","",Transaksi!$A41) | D52: =IF(Transaksi!$A41="","",Transaksi!$C41) | E52: =IF(Transaksi!$A41="","",Transaksi!$D41) | F52: =IF(Transaksi!$A41="","",TRIM(IF(Transaksi!$C41="","Nominal kosong. ","")&IF(N(Transaksi!$C41)<0,"Nominal negatif. ","")&IF(Transaksi!$B41="","Jenis belum diisi. ","")&IF(Transaksi!$E41="","Kategori belum diisi. ","")&IF(Transaksi!$A41>TODAY(),"Tanggal di masa depan. ","")&IF(COUNTIFS(Transaksi!$A$2:$A$501,Transaksi!$A41,Transaksi!$C$2:$C$501,Transaksi!$C41,Transaksi!$D$2:$D$501,Transaksi!$D41)>1,"Kemungkinan duplikat. ","")))
B53: =IF(Transaksi!$A42="","",42) | C53: =IF(Transaksi!$A42="","",Transaksi!$A42) | D53: =IF(Transaksi!$A42="","",Transaksi!$C42) | E53: =IF(Transaksi!$A42="","",Transaksi!$D42) | F53: =IF(Transaksi!$A42="","",TRIM(IF(Transaksi!$C42="","Nominal kosong. ","")&IF(N(Transaksi!$C42)<0,"Nominal negatif. ","")&IF(Transaksi!$B42="","Jenis belum diisi. ","")&IF(Transaksi!$E42="","Kategori belum diisi. ","")&IF(Transaksi!$A42>TODAY(),"Tanggal di masa depan. ","")&IF(COUNTIFS(Transaksi!$A$2:$A$501,Transaksi!$A42,Transaksi!$C$2:$C$501,Transaksi!$C42,Transaksi!$D$2:$D$501,Transaksi!$D42)>1,"Kemungkinan duplikat. ","")))
B54: =IF(Transaksi!$A43="","",43) | C54: =IF(Transaksi!$A43="","",Transaksi!$A43) | D54: =IF(Transaksi!$A43="","",Transaksi!$C43) | E54: =IF(Transaksi!$A43="","",Transaksi!$D43) | F54: =IF(Transaksi!$A43="","",TRIM(IF(Transaksi!$C43="","Nominal kosong. ","")&IF(N(Transaksi!$C43)<0,"Nominal negatif. ","")&IF(Transaksi!$B43="","Jenis belum diisi. ","")&IF(Transaksi!$E43="","Kategori belum diisi. ","")&IF(Transaksi!$A43>TODAY(),"Tanggal di masa depan. ","")&IF(COUNTIFS(Transaksi!$A$2:$A$501,Transaksi!$A43,Transaksi!$C$2:$C$501,Transaksi!$C43,Transaksi!$D$2:$D$501,Transaksi!$D43)>1,"Kemungkinan duplikat. ","")))
B55: =IF(Transaksi!$A44="","",44) | C55: =IF(Transaksi!$A44="","",Transaksi!$A44) | D55: =IF(Transaksi!$A44="","",Transaksi!$C44) | E55: =IF(Transaksi!$A44="","",Transaksi!$D44) | F55: =IF(Transaksi!$A44="","",TRIM(IF(Transaksi!$C44="","Nominal kosong. ","")&IF(N(Transaksi!$C44)<0,"Nominal negatif. ","")&IF(Transaksi!$B44="","Jenis belum diisi. ","")&IF(Transaksi!$E44="","Kategori belum diisi. ","")&IF(Transaksi!$A44>TODAY(),"Tanggal di masa depan. ","")&IF(COUNTIFS(Transaksi!$A$2:$A$501,Transaksi!$A44,Transaksi!$C$2:$C$501,Transaksi!$C44,Transaksi!$D$2:$D$501,Transaksi!$D44)>1,"Kemungkinan duplikat. ","")))
B56: =IF(Transaksi!$A45="","",45) | C56: =IF(Transaksi!$A45="","",Transaksi!$A45) | D56: =IF(Transaksi!$A45="","",Transaksi!$C45) | E56: =IF(Transaksi!$A45="","",Transaksi!$D45) | F56: =IF(Transaksi!$A45="","",TRIM(IF(Transaksi!$C45="","Nominal kosong. ","")&IF(N(Transaksi!$C45)<0,"Nominal negatif. ","")&IF(Transaksi!$B45="","Jenis belum diisi. ","")&IF(Transaksi!$E45="","Kategori belum diisi. ","")&IF(Transaksi!$A45>TODAY(),"Tanggal di masa depan. ","")&IF(COUNTIFS(Transaksi!$A$2:$A$501,Transaksi!$A45,Transaksi!$C$2:$C$501,Transaksi!$C45,Transaksi!$D$2:$D$501,Transaksi!$D45)>1,"Kemungkinan duplikat. ","")))
B57: =IF(Transaksi!$A46="","",46) | C57: =IF(Transaksi!$A46="","",Transaksi!$A46) | D57: =IF(Transaksi!$A46="","",Transaksi!$C46) | E57: =IF(Transaksi!$A46="","",Transaksi!$D46) | F57: =IF(Transaksi!$A46="","",TRIM(IF(Transaksi!$C46="","Nominal kosong. ","")&IF(N(Transaksi!$C46)<0,"Nominal negatif. ","")&IF(Transaksi!$B46="","Jenis belum diisi. ","")&IF(Transaksi!$E46="","Kategori belum diisi. ","")&IF(Transaksi!$A46>TODAY(),"Tanggal di masa depan. ","")&IF(COUNTIFS(Transaksi!$A$2:$A$501,Transaksi!$A46,Transaksi!$C$2:$C$501,Transaksi!$C46,Transaksi!$D$2:$D$501,Transaksi!$D46)>1,"Kemungkinan duplikat. ","")))
B58: =IF(Transaksi!$A47="","",47) | C58: =IF(Transaksi!$A47="","",Transaksi!$A47) | D58: =IF(Transaksi!$A47="","",Transaksi!$C47) | E58: =IF(Transaksi!$A47="","",Transaksi!$D47) | F58: =IF(Transaksi!$A47="","",TRIM(IF(Transaksi!$C47="","Nominal kosong. ","")&IF(N(Transaksi!$C47)<0,"Nominal negatif. ","")&IF(Transaksi!$B47="","Jenis belum diisi. ","")&IF(Transaksi!$E47="","Kategori belum diisi. ","")&IF(Transaksi!$A47>TODAY(),"Tanggal di masa depan. ","")&IF(COUNTIFS(Transaksi!$A$2:$A$501,Transaksi!$A47,Transaksi!$C$2:$C$501,Transaksi!$C47,Transaksi!$D$2:$D$501,Transaksi!$D47)>1,"Kemungkinan duplikat. ","")))
B59: =IF(Transaksi!$A48="","",48) | C59: =IF(Transaksi!$A48="","",Transaksi!$A48) | D59: =IF(Transaksi!$A48="","",Transaksi!$C48) | E59: =IF(Transaksi!$A48="","",Transaksi!$D48) | F59: =IF(Transaksi!$A48="","",TRIM(IF(Transaksi!$C48="","Nominal kosong. ","")&IF(N(Transaksi!$C48)<0,"Nominal negatif. ","")&IF(Transaksi!$B48="","Jenis belum diisi. ","")&IF(Transaksi!$E48="","Kategori belum diisi. ","")&IF(Transaksi!$A48>TODAY(),"Tanggal di masa depan. ","")&IF(COUNTIFS(Transaksi!$A$2:$A$501,Transaksi!$A48,Transaksi!$C$2:$C$501,Transaksi!$C48,Transaksi!$D$2:$D$501,Transaksi!$D48)>1,"Kemungkinan duplikat. ","")))
B60: =IF(Transaksi!$A49="","",49) | C60: =IF(Transaksi!$A49="","",Transaksi!$A49) | D60: =IF(Transaksi!$A49="","",Transaksi!$C49) | E60: =IF(Transaksi!$A49="","",Transaksi!$D49) | F60: =IF(Transaksi!$A49="","",TRIM(IF(Transaksi!$C49="","Nominal kosong. ","")&IF(N(Transaksi!$C49)<0,"Nominal negatif. ","")&IF(Transaksi!$B49="","Jenis belum diisi. ","")&IF(Transaksi!$E49="","Kategori belum diisi. ","")&IF(Transaksi!$A49>TODAY(),"Tanggal di masa depan. ","")&IF(COUNTIFS(Transaksi!$A$2:$A$501,Transaksi!$A49,Transaksi!$C$2:$C$501,Transaksi!$C49,Transaksi!$D$2:$D$501,Transaksi!$D49)>1,"Kemungkinan duplikat. ","")))
B61: =IF(Transaksi!$A50="","",50) | C61: =IF(Transaksi!$A50="","",Transaksi!$A50) | D61: =IF(Transaksi!$A50="","",Transaksi!$C50) | E61: =IF(Transaksi!$A50="","",Transaksi!$D50) | F61: =IF(Transaksi!$A50="","",TRIM(IF(Transaksi!$C50="","Nominal kosong. ","")&IF(N(Transaksi!$C50)<0,"Nominal negatif. ","")&IF(Transaksi!$B50="","Jenis belum diisi. ","")&IF(Transaksi!$E50="","Kategori belum diisi. ","")&IF(Transaksi!$A50>TODAY(),"Tanggal di masa depan. ","")&IF(COUNTIFS(Transaksi!$A$2:$A$501,Transaksi!$A50,Transaksi!$C$2:$C$501,Transaksi!$C50,Transaksi!$D$2:$D$501,Transaksi!$D50)>1,"Kemungkinan duplikat. ","")))
B62: =IF(Transaksi!$A51="","",51) | C62: =IF(Transaksi!$A51="","",Transaksi!$A51) | D62: =IF(Transaksi!$A51="","",Transaksi!$C51) | E62: =IF(Transaksi!$A51="","",Transaksi!$D51) | F62: =IF(Transaksi!$A51="","",TRIM(IF(Transaksi!$C51="","Nominal kosong. ","")&IF(N(Transaksi!$C51)<0,"Nominal negatif. ","")&IF(Transaksi!$B51="","Jenis belum diisi. ","")&IF(Transaksi!$E51="","Kategori belum diisi. ","")&IF(Transaksi!$A51>TODAY(),"Tanggal di masa depan. ","")&IF(COUNTIFS(Transaksi!$A$2:$A$501,Transaksi!$A51,Transaksi!$C$2:$C$501,Transaksi!$C51,Transaksi!$D$2:$D$501,Transaksi!$D51)>1,"Kemungkinan duplikat. ","")))
B63: =IF(Transaksi!$A52="","",52) | C63: =IF(Transaksi!$A52="","",Transaksi!$A52) | D63: =IF(Transaksi!$A52="","",Transaksi!$C52) | E63: =IF(Transaksi!$A52="","",Transaksi!$D52) | F63: =IF(Transaksi!$A52="","",TRIM(IF(Transaksi!$C52="","Nominal kosong. ","")&IF(N(Transaksi!$C52)<0,"Nominal negatif. ","")&IF(Transaksi!$B52="","Jenis belum diisi. ","")&IF(Transaksi!$E52="","Kategori belum diisi. ","")&IF(Transaksi!$A52>TODAY(),"Tanggal di masa depan. ","")&IF(COUNTIFS(Transaksi!$A$2:$A$501,Transaksi!$A52,Transaksi!$C$2:$C$501,Transaksi!$C52,Transaksi!$D$2:$D$501,Transaksi!$D52)>1,"Kemungkinan duplikat. ","")))
B64: =IF(Transaksi!$A53="","",53) | C64: =IF(Transaksi!$A53="","",Transaksi!$A53) | D64: =IF(Transaksi!$A53="","",Transaksi!$C53) | E64: =IF(Transaksi!$A53="","",Transaksi!$D53) | F64: =IF(Transaksi!$A53="","",TRIM(IF(Transaksi!$C53="","Nominal kosong. ","")&IF(N(Transaksi!$C53)<0,"Nominal negatif. ","")&IF(Transaksi!$B53="","Jenis belum diisi. ","")&IF(Transaksi!$E53="","Kategori belum diisi. ","")&IF(Transaksi!$A53>TODAY(),"Tanggal di masa depan. ","")&IF(COUNTIFS(Transaksi!$A$2:$A$501,Transaksi!$A53,Transaksi!$C$2:$C$501,Transaksi!$C53,Transaksi!$D$2:$D$501,Transaksi!$D53)>1,"Kemungkinan duplikat. ","")))
B65: =IF(Transaksi!$A54="","",54) | C65: =IF(Transaksi!$A54="","",Transaksi!$A54) | D65: =IF(Transaksi!$A54="","",Transaksi!$C54) | E65: =IF(Transaksi!$A54="","",Transaksi!$D54) | F65: =IF(Transaksi!$A54="","",TRIM(IF(Transaksi!$C54="","Nominal kosong. ","")&IF(N(Transaksi!$C54)<0,"Nominal negatif. ","")&IF(Transaksi!$B54="","Jenis belum diisi. ","")&IF(Transaksi!$E54="","Kategori belum diisi. ","")&IF(Transaksi!$A54>TODAY(),"Tanggal di masa depan. ","")&IF(COUNTIFS(Transaksi!$A$2:$A$501,Transaksi!$A54,Transaksi!$C$2:$C$501,Transaksi!$C54,Transaksi!$D$2:$D$501,Transaksi!$D54)>1,"Kemungkinan duplikat. ","")))
B66: =IF(Transaksi!$A55="","",55) | C66: =IF(Transaksi!$A55="","",Transaksi!$A55) | D66: =IF(Transaksi!$A55="","",Transaksi!$C55) | E66: =IF(Transaksi!$A55="","",Transaksi!$D55) | F66: =IF(Transaksi!$A55="","",TRIM(IF(Transaksi!$C55="","Nominal kosong. ","")&IF(N(Transaksi!$C55)<0,"Nominal negatif. ","")&IF(Transaksi!$B55="","Jenis belum diisi. ","")&IF(Transaksi!$E55="","Kategori belum diisi. ","")&IF(Transaksi!$A55>TODAY(),"Tanggal di masa depan. ","")&IF(COUNTIFS(Transaksi!$A$2:$A$501,Transaksi!$A55,Transaksi!$C$2:$C$501,Transaksi!$C55,Transaksi!$D$2:$D$501,Transaksi!$D55)>1,"Kemungkinan duplikat. ","")))
B67: =IF(Transaksi!$A56="","",56) | C67: =IF(Transaksi!$A56="","",Transaksi!$A56) | D67: =IF(Transaksi!$A56="","",Transaksi!$C56) | E67: =IF(Transaksi!$A56="","",Transaksi!$D56) | F67: =IF(Transaksi!$A56="","",TRIM(IF(Transaksi!$C56="","Nominal kosong. ","")&IF(N(Transaksi!$C56)<0,"Nominal negatif. ","")&IF(Transaksi!$B56="","Jenis belum diisi. ","")&IF(Transaksi!$E56="","Kategori belum diisi. ","")&IF(Transaksi!$A56>TODAY(),"Tanggal di masa depan. ","")&IF(COUNTIFS(Transaksi!$A$2:$A$501,Transaksi!$A56,Transaksi!$C$2:$C$501,Transaksi!$C56,Transaksi!$D$2:$D$501,Transaksi!$D56)>1,"Kemungkinan duplikat. ","")))
B68: =IF(Transaksi!$A57="","",57) | C68: =IF(Transaksi!$A57="","",Transaksi!$A57) | D68: =IF(Transaksi!$A57="","",Transaksi!$C57) | E68: =IF(Transaksi!$A57="","",Transaksi!$D57) | F68: =IF(Transaksi!$A57="","",TRIM(IF(Transaksi!$C57="","Nominal kosong. ","")&IF(N(Transaksi!$C57)<0,"Nominal negatif. ","")&IF(Transaksi!$B57="","Jenis belum diisi. ","")&IF(Transaksi!$E57="","Kategori belum diisi. ","")&IF(Transaksi!$A57>TODAY(),"Tanggal di masa depan. ","")&IF(COUNTIFS(Transaksi!$A$2:$A$501,Transaksi!$A57,Transaksi!$C$2:$C$501,Transaksi!$C57,Transaksi!$D$2:$D$501,Transaksi!$D57)>1,"Kemungkinan duplikat. ","")))
B69: =IF(Transaksi!$A58="","",58) | C69: =IF(Transaksi!$A58="","",Transaksi!$A58) | D69: =IF(Transaksi!$A58="","",Transaksi!$C58) | E69: =IF(Transaksi!$A58="","",Transaksi!$D58) | F69: =IF(Transaksi!$A58="","",TRIM(IF(Transaksi!$C58="","Nominal kosong. ","")&IF(N(Transaksi!$C58)<0,"Nominal negatif. ","")&IF(Transaksi!$B58="","Jenis belum diisi. ","")&IF(Transaksi!$E58="","Kategori belum diisi. ","")&IF(Transaksi!$A58>TODAY(),"Tanggal di masa depan. ","")&IF(COUNTIFS(Transaksi!$A$2:$A$501,Transaksi!$A58,Transaksi!$C$2:$C$501,Transaksi!$C58,Transaksi!$D$2:$D$501,Transaksi!$D58)>1,"Kemungkinan duplikat. ","")))
B70: =IF(Transaksi!$A59="","",59) | C70: =IF(Transaksi!$A59="","",Transaksi!$A59) | D70: =IF(Transaksi!$A59="","",Transaksi!$C59) | E70: =IF(Transaksi!$A59="","",Transaksi!$D59) | F70: =IF(Transaksi!$A59="","",TRIM(IF(Transaksi!$C59="","Nominal kosong. ","")&IF(N(Transaksi!$C59)<0,"Nominal negatif. ","")&IF(Transaksi!$B59="","Jenis belum diisi. ","")&IF(Transaksi!$E59="","Kategori belum diisi. ","")&IF(Transaksi!$A59>TODAY(),"Tanggal di masa depan. ","")&IF(COUNTIFS(Transaksi!$A$2:$A$501,Transaksi!$A59,Transaksi!$C$2:$C$501,Transaksi!$C59,Transaksi!$D$2:$D$501,Transaksi!$D59)>1,"Kemungkinan duplikat. ","")))
B71: =IF(Transaksi!$A60="","",60) | C71: =IF(Transaksi!$A60="","",Transaksi!$A60) | D71: =IF(Transaksi!$A60="","",Transaksi!$C60) | E71: =IF(Transaksi!$A60="","",Transaksi!$D60) | F71: =IF(Transaksi!$A60="","",TRIM(IF(Transaksi!$C60="","Nominal kosong. ","")&IF(N(Transaksi!$C60)<0,"Nominal negatif. ","")&IF(Transaksi!$B60="","Jenis belum diisi. ","")&IF(Transaksi!$E60="","Kategori belum diisi. ","")&IF(Transaksi!$A60>TODAY(),"Tanggal di masa depan. ","")&IF(COUNTIFS(Transaksi!$A$2:$A$501,Transaksi!$A60,Transaksi!$C$2:$C$501,Transaksi!$C60,Transaksi!$D$2:$D$501,Transaksi!$D60)>1,"Kemungkinan duplikat. ","")))
B72: =IF(Transaksi!$A61="","",61) | C72: =IF(Transaksi!$A61="","",Transaksi!$A61) | D72: =IF(Transaksi!$A61="","",Transaksi!$C61) | E72: =IF(Transaksi!$A61="","",Transaksi!$D61) | F72: =IF(Transaksi!$A61="","",TRIM(IF(Transaksi!$C61="","Nominal kosong. ","")&IF(N(Transaksi!$C61)<0,"Nominal negatif. ","")&IF(Transaksi!$B61="","Jenis belum diisi. ","")&IF(Transaksi!$E61="","Kategori belum diisi. ","")&IF(Transaksi!$A61>TODAY(),"Tanggal di masa depan. ","")&IF(COUNTIFS(Transaksi!$A$2:$A$501,Transaksi!$A61,Transaksi!$C$2:$C$501,Transaksi!$C61,Transaksi!$D$2:$D$501,Transaksi!$D61)>1,"Kemungkinan duplikat. ","")))
B73: =IF(Transaksi!$A62="","",62) | C73: =IF(Transaksi!$A62="","",Transaksi!$A62) | D73: =IF(Transaksi!$A62="","",Transaksi!$C62) | E73: =IF(Transaksi!$A62="","",Transaksi!$D62) | F73: =IF(Transaksi!$A62="","",TRIM(IF(Transaksi!$C62="","Nominal kosong. ","")&IF(N(Transaksi!$C62)<0,"Nominal negatif. ","")&IF(Transaksi!$B62="","Jenis belum diisi. ","")&IF(Transaksi!$E62="","Kategori belum diisi. ","")&IF(Transaksi!$A62>TODAY(),"Tanggal di masa depan. ","")&IF(COUNTIFS(Transaksi!$A$2:$A$501,Transaksi!$A62,Transaksi!$C$2:$C$501,Transaksi!$C62,Transaksi!$D$2:$D$501,Transaksi!$D62)>1,"Kemungkinan duplikat. ","")))
B74: =IF(Transaksi!$A63="","",63) | C74: =IF(Transaksi!$A63="","",Transaksi!$A63) | D74: =IF(Transaksi!$A63="","",Transaksi!$C63) | E74: =IF(Transaksi!$A63="","",Transaksi!$D63) | F74: =IF(Transaksi!$A63="","",TRIM(IF(Transaksi!$C63="","Nominal kosong. ","")&IF(N(Transaksi!$C63)<0,"Nominal negatif. ","")&IF(Transaksi!$B63="","Jenis belum diisi. ","")&IF(Transaksi!$E63="","Kategori belum diisi. ","")&IF(Transaksi!$A63>TODAY(),"Tanggal di masa depan. ","")&IF(COUNTIFS(Transaksi!$A$2:$A$501,Transaksi!$A63,Transaksi!$C$2:$C$501,Transaksi!$C63,Transaksi!$D$2:$D$501,Transaksi!$D63)>1,"Kemungkinan duplikat. ","")))
B75: =IF(Transaksi!$A64="","",64) | C75: =IF(Transaksi!$A64="","",Transaksi!$A64) | D75: =IF(Transaksi!$A64="","",Transaksi!$C64) | E75: =IF(Transaksi!$A64="","",Transaksi!$D64) | F75: =IF(Transaksi!$A64="","",TRIM(IF(Transaksi!$C64="","Nominal kosong. ","")&IF(N(Transaksi!$C64)<0,"Nominal negatif. ","")&IF(Transaksi!$B64="","Jenis belum diisi. ","")&IF(Transaksi!$E64="","Kategori belum diisi. ","")&IF(Transaksi!$A64>TODAY(),"Tanggal di masa depan. ","")&IF(COUNTIFS(Transaksi!$A$2:$A$501,Transaksi!$A64,Transaksi!$C$2:$C$501,Transaksi!$C64,Transaksi!$D$2:$D$501,Transaksi!$D64)>1,"Kemungkinan duplikat. ","")))
B76: =IF(Transaksi!$A65="","",65) | C76: =IF(Transaksi!$A65="","",Transaksi!$A65) | D76: =IF(Transaksi!$A65="","",Transaksi!$C65) | E76: =IF(Transaksi!$A65="","",Transaksi!$D65) | F76: =IF(Transaksi!$A65="","",TRIM(IF(Transaksi!$C65="","Nominal kosong. ","")&IF(N(Transaksi!$C65)<0,"Nominal negatif. ","")&IF(Transaksi!$B65="","Jenis belum diisi. ","")&IF(Transaksi!$E65="","Kategori belum diisi. ","")&IF(Transaksi!$A65>TODAY(),"Tanggal di masa depan. ","")&IF(COUNTIFS(Transaksi!$A$2:$A$501,Transaksi!$A65,Transaksi!$C$2:$C$501,Transaksi!$C65,Transaksi!$D$2:$D$501,Transaksi!$D65)>1,"Kemungkinan duplikat. ","")))
B77: =IF(Transaksi!$A66="","",66) | C77: =IF(Transaksi!$A66="","",Transaksi!$A66) | D77: =IF(Transaksi!$A66="","",Transaksi!$C66) | E77: =IF(Transaksi!$A66="","",Transaksi!$D66) | F77: =IF(Transaksi!$A66="","",TRIM(IF(Transaksi!$C66="","Nominal kosong. ","")&IF(N(Transaksi!$C66)<0,"Nominal negatif. ","")&IF(Transaksi!$B66="","Jenis belum diisi. ","")&IF(Transaksi!$E66="","Kategori belum diisi. ","")&IF(Transaksi!$A66>TODAY(),"Tanggal di masa depan. ","")&IF(COUNTIFS(Transaksi!$A$2:$A$501,Transaksi!$A66,Transaksi!$C$2:$C$501,Transaksi!$C66,Transaksi!$D$2:$D$501,Transaksi!$D66)>1,"Kemungkinan duplikat. ","")))
B78: =IF(Transaksi!$A67="","",67) | C78: =IF(Transaksi!$A67="","",Transaksi!$A67) | D78: =IF(Transaksi!$A67="","",Transaksi!$C67) | E78: =IF(Transaksi!$A67="","",Transaksi!$D67) | F78: =IF(Transaksi!$A67="","",TRIM(IF(Transaksi!$C67="","Nominal kosong. ","")&IF(N(Transaksi!$C67)<0,"Nominal negatif. ","")&IF(Transaksi!$B67="","Jenis belum diisi. ","")&IF(Transaksi!$E67="","Kategori belum diisi. ","")&IF(Transaksi!$A67>TODAY(),"Tanggal di masa depan. ","")&IF(COUNTIFS(Transaksi!$A$2:$A$501,Transaksi!$A67,Transaksi!$C$2:$C$501,Transaksi!$C67,Transaksi!$D$2:$D$501,Transaksi!$D67)>1,"Kemungkinan duplikat. ","")))
B79: =IF(Transaksi!$A68="","",68) | C79: =IF(Transaksi!$A68="","",Transaksi!$A68) | D79: =IF(Transaksi!$A68="","",Transaksi!$C68) | E79: =IF(Transaksi!$A68="","",Transaksi!$D68) | F79: =IF(Transaksi!$A68="","",TRIM(IF(Transaksi!$C68="","Nominal kosong. ","")&IF(N(Transaksi!$C68)<0,"Nominal negatif. ","")&IF(Transaksi!$B68="","Jenis belum diisi. ","")&IF(Transaksi!$E68="","Kategori belum diisi. ","")&IF(Transaksi!$A68>TODAY(),"Tanggal di masa depan. ","")&IF(COUNTIFS(Transaksi!$A$2:$A$501,Transaksi!$A68,Transaksi!$C$2:$C$501,Transaksi!$C68,Transaksi!$D$2:$D$501,Transaksi!$D68)>1,"Kemungkinan duplikat. ","")))
B80: =IF(Transaksi!$A69="","",69) | C80: =IF(Transaksi!$A69="","",Transaksi!$A69) | D80: =IF(Transaksi!$A69="","",Transaksi!$C69) | E80: =IF(Transaksi!$A69="","",Transaksi!$D69) | F80: =IF(Transaksi!$A69="","",TRIM(IF(Transaksi!$C69="","Nominal kosong. ","")&IF(N(Transaksi!$C69)<0,"Nominal negatif. ","")&IF(Transaksi!$B69="","Jenis belum diisi. ","")&IF(Transaksi!$E69="","Kategori belum diisi. ","")&IF(Transaksi!$A69>TODAY(),"Tanggal di masa depan. ","")&IF(COUNTIFS(Transaksi!$A$2:$A$501,Transaksi!$A69,Transaksi!$C$2:$C$501,Transaksi!$C69,Transaksi!$D$2:$D$501,Transaksi!$D69)>1,"Kemungkinan duplikat. ","")))
B81: =IF(Transaksi!$A70="","",70) | C81: =IF(Transaksi!$A70="","",Transaksi!$A70) | D81: =IF(Transaksi!$A70="","",Transaksi!$C70) | E81: =IF(Transaksi!$A70="","",Transaksi!$D70) | F81: =IF(Transaksi!$A70="","",TRIM(IF(Transaksi!$C70="","Nominal kosong. ","")&IF(N(Transaksi!$C70)<0,"Nominal negatif. ","")&IF(Transaksi!$B70="","Jenis belum diisi. ","")&IF(Transaksi!$E70="","Kategori belum diisi. ","")&IF(Transaksi!$A70>TODAY(),"Tanggal di masa depan. ","")&IF(COUNTIFS(Transaksi!$A$2:$A$501,Transaksi!$A70,Transaksi!$C$2:$C$501,Transaksi!$C70,Transaksi!$D$2:$D$501,Transaksi!$D70)>1,"Kemungkinan duplikat. ","")))
B82: =IF(Transaksi!$A71="","",71) | C82: =IF(Transaksi!$A71="","",Transaksi!$A71) | D82: =IF(Transaksi!$A71="","",Transaksi!$C71) | E82: =IF(Transaksi!$A71="","",Transaksi!$D71) | F82: =IF(Transaksi!$A71="","",TRIM(IF(Transaksi!$C71="","Nominal kosong. ","")&IF(N(Transaksi!$C71)<0,"Nominal negatif. ","")&IF(Transaksi!$B71="","Jenis belum diisi. ","")&IF(Transaksi!$E71="","Kategori belum diisi. ","")&IF(Transaksi!$A71>TODAY(),"Tanggal di masa depan. ","")&IF(COUNTIFS(Transaksi!$A$2:$A$501,Transaksi!$A71,Transaksi!$C$2:$C$501,Transaksi!$C71,Transaksi!$D$2:$D$501,Transaksi!$D71)>1,"Kemungkinan duplikat. ","")))
B83: =IF(Transaksi!$A72="","",72) | C83: =IF(Transaksi!$A72="","",Transaksi!$A72) | D83: =IF(Transaksi!$A72="","",Transaksi!$C72) | E83: =IF(Transaksi!$A72="","",Transaksi!$D72) | F83: =IF(Transaksi!$A72="","",TRIM(IF(Transaksi!$C72="","Nominal kosong. ","")&IF(N(Transaksi!$C72)<0,"Nominal negatif. ","")&IF(Transaksi!$B72="","Jenis belum diisi. ","")&IF(Transaksi!$E72="","Kategori belum diisi. ","")&IF(Transaksi!$A72>TODAY(),"Tanggal di masa depan. ","")&IF(COUNTIFS(Transaksi!$A$2:$A$501,Transaksi!$A72,Transaksi!$C$2:$C$501,Transaksi!$C72,Transaksi!$D$2:$D$501,Transaksi!$D72)>1,"Kemungkinan duplikat. ","")))
B84: =IF(Transaksi!$A73="","",73) | C84: =IF(Transaksi!$A73="","",Transaksi!$A73) | D84: =IF(Transaksi!$A73="","",Transaksi!$C73) | E84: =IF(Transaksi!$A73="","",Transaksi!$D73) | F84: =IF(Transaksi!$A73="","",TRIM(IF(Transaksi!$C73="","Nominal kosong. ","")&IF(N(Transaksi!$C73)<0,"Nominal negatif. ","")&IF(Transaksi!$B73="","Jenis belum diisi. ","")&IF(Transaksi!$E73="","Kategori belum diisi. ","")&IF(Transaksi!$A73>TODAY(),"Tanggal di masa depan. ","")&IF(COUNTIFS(Transaksi!$A$2:$A$501,Transaksi!$A73,Transaksi!$C$2:$C$501,Transaksi!$C73,Transaksi!$D$2:$D$501,Transaksi!$D73)>1,"Kemungkinan duplikat. ","")))
B85: =IF(Transaksi!$A74="","",74) | C85: =IF(Transaksi!$A74="","",Transaksi!$A74) | D85: =IF(Transaksi!$A74="","",Transaksi!$C74) | E85: =IF(Transaksi!$A74="","",Transaksi!$D74) | F85: =IF(Transaksi!$A74="","",TRIM(IF(Transaksi!$C74="","Nominal kosong. ","")&IF(N(Transaksi!$C74)<0,"Nominal negatif. ","")&IF(Transaksi!$B74="","Jenis belum diisi. ","")&IF(Transaksi!$E74="","Kategori belum diisi. ","")&IF(Transaksi!$A74>TODAY(),"Tanggal di masa depan. ","")&IF(COUNTIFS(Transaksi!$A$2:$A$501,Transaksi!$A74,Transaksi!$C$2:$C$501,Transaksi!$C74,Transaksi!$D$2:$D$501,Transaksi!$D74)>1,"Kemungkinan duplikat. ","")))
B86: =IF(Transaksi!$A75="","",75) | C86: =IF(Transaksi!$A75="","",Transaksi!$A75) | D86: =IF(Transaksi!$A75="","",Transaksi!$C75) | E86: =IF(Transaksi!$A75="","",Transaksi!$D75) | F86: =IF(Transaksi!$A75="","",TRIM(IF(Transaksi!$C75="","Nominal kosong. ","")&IF(N(Transaksi!$C75)<0,"Nominal negatif. ","")&IF(Transaksi!$B75="","Jenis belum diisi. ","")&IF(Transaksi!$E75="","Kategori belum diisi. ","")&IF(Transaksi!$A75>TODAY(),"Tanggal di masa depan. ","")&IF(COUNTIFS(Transaksi!$A$2:$A$501,Transaksi!$A75,Transaksi!$C$2:$C$501,Transaksi!$C75,Transaksi!$D$2:$D$501,Transaksi!$D75)>1,"Kemungkinan duplikat. ","")))
B87: =IF(Transaksi!$A76="","",76) | C87: =IF(Transaksi!$A76="","",Transaksi!$A76) | D87: =IF(Transaksi!$A76="","",Transaksi!$C76) | E87: =IF(Transaksi!$A76="","",Transaksi!$D76) | F87: =IF(Transaksi!$A76="","",TRIM(IF(Transaksi!$C76="","Nominal kosong. ","")&IF(N(Transaksi!$C76)<0,"Nominal negatif. ","")&IF(Transaksi!$B76="","Jenis belum diisi. ","")&IF(Transaksi!$E76="","Kategori belum diisi. ","")&IF(Transaksi!$A76>TODAY(),"Tanggal di masa depan. ","")&IF(COUNTIFS(Transaksi!$A$2:$A$501,Transaksi!$A76,Transaksi!$C$2:$C$501,Transaksi!$C76,Transaksi!$D$2:$D$501,Transaksi!$D76)>1,"Kemungkinan duplikat. ","")))
B88: =IF(Transaksi!$A77="","",77) | C88: =IF(Transaksi!$A77="","",Transaksi!$A77) | D88: =IF(Transaksi!$A77="","",Transaksi!$C77) | E88: =IF(Transaksi!$A77="","",Transaksi!$D77) | F88: =IF(Transaksi!$A77="","",TRIM(IF(Transaksi!$C77="","Nominal kosong. ","")&IF(N(Transaksi!$C77)<0,"Nominal negatif. ","")&IF(Transaksi!$B77="","Jenis belum diisi. ","")&IF(Transaksi!$E77="","Kategori belum diisi. ","")&IF(Transaksi!$A77>TODAY(),"Tanggal di masa depan. ","")&IF(COUNTIFS(Transaksi!$A$2:$A$501,Transaksi!$A77,Transaksi!$C$2:$C$501,Transaksi!$C77,Transaksi!$D$2:$D$501,Transaksi!$D77)>1,"Kemungkinan duplikat. ","")))
B89: =IF(Transaksi!$A78="","",78) | C89: =IF(Transaksi!$A78="","",Transaksi!$A78) | D89: =IF(Transaksi!$A78="","",Transaksi!$C78) | E89: =IF(Transaksi!$A78="","",Transaksi!$D78) | F89: =IF(Transaksi!$A78="","",TRIM(IF(Transaksi!$C78="","Nominal kosong. ","")&IF(N(Transaksi!$C78)<0,"Nominal negatif. ","")&IF(Transaksi!$B78="","Jenis belum diisi. ","")&IF(Transaksi!$E78="","Kategori belum diisi. ","")&IF(Transaksi!$A78>TODAY(),"Tanggal di masa depan. ","")&IF(COUNTIFS(Transaksi!$A$2:$A$501,Transaksi!$A78,Transaksi!$C$2:$C$501,Transaksi!$C78,Transaksi!$D$2:$D$501,Transaksi!$D78)>1,"Kemungkinan duplikat. ","")))
B90: =IF(Transaksi!$A79="","",79) | C90: =IF(Transaksi!$A79="","",Transaksi!$A79) | D90: =IF(Transaksi!$A79="","",Transaksi!$C79) | E90: =IF(Transaksi!$A79="","",Transaksi!$D79) | F90: =IF(Transaksi!$A79="","",TRIM(IF(Transaksi!$C79="","Nominal kosong. ","")&IF(N(Transaksi!$C79)<0,"Nominal negatif. ","")&IF(Transaksi!$B79="","Jenis belum diisi. ","")&IF(Transaksi!$E79="","Kategori belum diisi. ","")&IF(Transaksi!$A79>TODAY(),"Tanggal di masa depan. ","")&IF(COUNTIFS(Transaksi!$A$2:$A$501,Transaksi!$A79,Transaksi!$C$2:$C$501,Transaksi!$C79,Transaksi!$D$2:$D$501,Transaksi!$D79)>1,"Kemungkinan duplikat. ","")))
B91: =IF(Transaksi!$A80="","",80) | C91: =IF(Transaksi!$A80="","",Transaksi!$A80) | D91: =IF(Transaksi!$A80="","",Transaksi!$C80) | E91: =IF(Transaksi!$A80="","",Transaksi!$D80) | F91: =IF(Transaksi!$A80="","",TRIM(IF(Transaksi!$C80="","Nominal kosong. ","")&IF(N(Transaksi!$C80)<0,"Nominal negatif. ","")&IF(Transaksi!$B80="","Jenis belum diisi. ","")&IF(Transaksi!$E80="","Kategori belum diisi. ","")&IF(Transaksi!$A80>TODAY(),"Tanggal di masa depan. ","")&IF(COUNTIFS(Transaksi!$A$2:$A$501,Transaksi!$A80,Transaksi!$C$2:$C$501,Transaksi!$C80,Transaksi!$D$2:$D$501,Transaksi!$D80)>1,"Kemungkinan duplikat. ","")))
B92: =IF(Transaksi!$A81="","",81) | C92: =IF(Transaksi!$A81="","",Transaksi!$A81) | D92: =IF(Transaksi!$A81="","",Transaksi!$C81) | E92: =IF(Transaksi!$A81="","",Transaksi!$D81) | F92: =IF(Transaksi!$A81="","",TRIM(IF(Transaksi!$C81="","Nominal kosong. ","")&IF(N(Transaksi!$C81)<0,"Nominal negatif. ","")&IF(Transaksi!$B81="","Jenis belum diisi. ","")&IF(Transaksi!$E81="","Kategori belum diisi. ","")&IF(Transaksi!$A81>TODAY(),"Tanggal di masa depan. ","")&IF(COUNTIFS(Transaksi!$A$2:$A$501,Transaksi!$A81,Transaksi!$C$2:$C$501,Transaksi!$C81,Transaksi!$D$2:$D$501,Transaksi!$D81)>1,"Kemungkinan duplikat. ","")))
B93: =IF(Transaksi!$A82="","",82) | C93: =IF(Transaksi!$A82="","",Transaksi!$A82) | D93: =IF(Transaksi!$A82="","",Transaksi!$C82) | E93: =IF(Transaksi!$A82="","",Transaksi!$D82) | F93: =IF(Transaksi!$A82="","",TRIM(IF(Transaksi!$C82="","Nominal kosong. ","")&IF(N(Transaksi!$C82)<0,"Nominal negatif. ","")&IF(Transaksi!$B82="","Jenis belum diisi. ","")&IF(Transaksi!$E82="","Kategori belum diisi. ","")&IF(Transaksi!$A82>TODAY(),"Tanggal di masa depan. ","")&IF(COUNTIFS(Transaksi!$A$2:$A$501,Transaksi!$A82,Transaksi!$C$2:$C$501,Transaksi!$C82,Transaksi!$D$2:$D$501,Transaksi!$D82)>1,"Kemungkinan duplikat. ","")))
B94: =IF(Transaksi!$A83="","",83) | C94: =IF(Transaksi!$A83="","",Transaksi!$A83) | D94: =IF(Transaksi!$A83="","",Transaksi!$C83) | E94: =IF(Transaksi!$A83="","",Transaksi!$D83) | F94: =IF(Transaksi!$A83="","",TRIM(IF(Transaksi!$C83="","Nominal kosong. ","")&IF(N(Transaksi!$C83)<0,"Nominal negatif. ","")&IF(Transaksi!$B83="","Jenis belum diisi. ","")&IF(Transaksi!$E83="","Kategori belum diisi. ","")&IF(Transaksi!$A83>TODAY(),"Tanggal di masa depan. ","")&IF(COUNTIFS(Transaksi!$A$2:$A$501,Transaksi!$A83,Transaksi!$C$2:$C$501,Transaksi!$C83,Transaksi!$D$2:$D$501,Transaksi!$D83)>1,"Kemungkinan duplikat. ","")))
B95: =IF(Transaksi!$A84="","",84) | C95: =IF(Transaksi!$A84="","",Transaksi!$A84) | D95: =IF(Transaksi!$A84="","",Transaksi!$C84) | E95: =IF(Transaksi!$A84="","",Transaksi!$D84) | F95: =IF(Transaksi!$A84="","",TRIM(IF(Transaksi!$C84="","Nominal kosong. ","")&IF(N(Transaksi!$C84)<0,"Nominal negatif. ","")&IF(Transaksi!$B84="","Jenis belum diisi. ","")&IF(Transaksi!$E84="","Kategori belum diisi. ","")&IF(Transaksi!$A84>TODAY(),"Tanggal di masa depan. ","")&IF(COUNTIFS(Transaksi!$A$2:$A$501,Transaksi!$A84,Transaksi!$C$2:$C$501,Transaksi!$C84,Transaksi!$D$2:$D$501,Transaksi!$D84)>1,"Kemungkinan duplikat. ","")))
B96: =IF(Transaksi!$A85="","",85) | C96: =IF(Transaksi!$A85="","",Transaksi!$A85) | D96: =IF(Transaksi!$A85="","",Transaksi!$C85) | E96: =IF(Transaksi!$A85="","",Transaksi!$D85) | F96: =IF(Transaksi!$A85="","",TRIM(IF(Transaksi!$C85="","Nominal kosong. ","")&IF(N(Transaksi!$C85)<0,"Nominal negatif. ","")&IF(Transaksi!$B85="","Jenis belum diisi. ","")&IF(Transaksi!$E85="","Kategori belum diisi. ","")&IF(Transaksi!$A85>TODAY(),"Tanggal di masa depan. ","")&IF(COUNTIFS(Transaksi!$A$2:$A$501,Transaksi!$A85,Transaksi!$C$2:$C$501,Transaksi!$C85,Transaksi!$D$2:$D$501,Transaksi!$D85)>1,"Kemungkinan duplikat. ","")))
B97: =IF(Transaksi!$A86="","",86) | C97: =IF(Transaksi!$A86="","",Transaksi!$A86) | D97: =IF(Transaksi!$A86="","",Transaksi!$C86) | E97: =IF(Transaksi!$A86="","",Transaksi!$D86) | F97: =IF(Transaksi!$A86="","",TRIM(IF(Transaksi!$C86="","Nominal kosong. ","")&IF(N(Transaksi!$C86)<0,"Nominal negatif. ","")&IF(Transaksi!$B86="","Jenis belum diisi. ","")&IF(Transaksi!$E86="","Kategori belum diisi. ","")&IF(Transaksi!$A86>TODAY(),"Tanggal di masa depan. ","")&IF(COUNTIFS(Transaksi!$A$2:$A$501,Transaksi!$A86,Transaksi!$C$2:$C$501,Transaksi!$C86,Transaksi!$D$2:$D$501,Transaksi!$D86)>1,"Kemungkinan duplikat. ","")))
B98: =IF(Transaksi!$A87="","",87) | C98: =IF(Transaksi!$A87="","",Transaksi!$A87) | D98: =IF(Transaksi!$A87="","",Transaksi!$C87) | E98: =IF(Transaksi!$A87="","",Transaksi!$D87) | F98: =IF(Transaksi!$A87="","",TRIM(IF(Transaksi!$C87="","Nominal kosong. ","")&IF(N(Transaksi!$C87)<0,"Nominal negatif. ","")&IF(Transaksi!$B87="","Jenis belum diisi. ","")&IF(Transaksi!$E87="","Kategori belum diisi. ","")&IF(Transaksi!$A87>TODAY(),"Tanggal di masa depan. ","")&IF(COUNTIFS(Transaksi!$A$2:$A$501,Transaksi!$A87,Transaksi!$C$2:$C$501,Transaksi!$C87,Transaksi!$D$2:$D$501,Transaksi!$D87)>1,"Kemungkinan duplikat. ","")))
B99: =IF(Transaksi!$A88="","",88) | C99: =IF(Transaksi!$A88="","",Transaksi!$A88) | D99: =IF(Transaksi!$A88="","",Transaksi!$C88) | E99: =IF(Transaksi!$A88="","",Transaksi!$D88) | F99: =IF(Transaksi!$A88="","",TRIM(IF(Transaksi!$C88="","Nominal kosong. ","")&IF(N(Transaksi!$C88)<0,"Nominal negatif. ","")&IF(Transaksi!$B88="","Jenis belum diisi. ","")&IF(Transaksi!$E88="","Kategori belum diisi. ","")&IF(Transaksi!$A88>TODAY(),"Tanggal di masa depan. ","")&IF(COUNTIFS(Transaksi!$A$2:$A$501,Transaksi!$A88,Transaksi!$C$2:$C$501,Transaksi!$C88,Transaksi!$D$2:$D$501,Transaksi!$D88)>1,"Kemungkinan duplikat. ","")))
B100: =IF(Transaksi!$A89="","",89) | C100: =IF(Transaksi!$A89="","",Transaksi!$A89) | D100: =IF(Transaksi!$A89="","",Transaksi!$C89) | E100: =IF(Transaksi!$A89="","",Transaksi!$D89) | F100: =IF(Transaksi!$A89="","",TRIM(IF(Transaksi!$C89="","Nominal kosong. ","")&IF(N(Transaksi!$C89)<0,"Nominal negatif. ","")&IF(Transaksi!$B89="","Jenis belum diisi. ","")&IF(Transaksi!$E89="","Kategori belum diisi. ","")&IF(Transaksi!$A89>TODAY(),"Tanggal di masa depan. ","")&IF(COUNTIFS(Transaksi!$A$2:$A$501,Transaksi!$A89,Transaksi!$C$2:$C$501,Transaksi!$C89,Transaksi!$D$2:$D$501,Transaksi!$D89)>1,"Kemungkinan duplikat. ","")))
B101: =IF(Transaksi!$A90="","",90) | C101: =IF(Transaksi!$A90="","",Transaksi!$A90) | D101: =IF(Transaksi!$A90="","",Transaksi!$C90) | E101: =IF(Transaksi!$A90="","",Transaksi!$D90) | F101: =IF(Transaksi!$A90="","",TRIM(IF(Transaksi!$C90="","Nominal kosong. ","")&IF(N(Transaksi!$C90)<0,"Nominal negatif. ","")&IF(Transaksi!$B90="","Jenis belum diisi. ","")&IF(Transaksi!$E90="","Kategori belum diisi. ","")&IF(Transaksi!$A90>TODAY(),"Tanggal di masa depan. ","")&IF(COUNTIFS(Transaksi!$A$2:$A$501,Transaksi!$A90,Transaksi!$C$2:$C$501,Transaksi!$C90,Transaksi!$D$2:$D$501,Transaksi!$D90)>1,"Kemungkinan duplikat. ","")))
B102: =IF(Transaksi!$A91="","",91) | C102: =IF(Transaksi!$A91="","",Transaksi!$A91) | D102: =IF(Transaksi!$A91="","",Transaksi!$C91) | E102: =IF(Transaksi!$A91="","",Transaksi!$D91) | F102: =IF(Transaksi!$A91="","",TRIM(IF(Transaksi!$C91="","Nominal kosong. ","")&IF(N(Transaksi!$C91)<0,"Nominal negatif. ","")&IF(Transaksi!$B91="","Jenis belum diisi. ","")&IF(Transaksi!$E91="","Kategori belum diisi. ","")&IF(Transaksi!$A91>TODAY(),"Tanggal di masa depan. ","")&IF(COUNTIFS(Transaksi!$A$2:$A$501,Transaksi!$A91,Transaksi!$C$2:$C$501,Transaksi!$C91,Transaksi!$D$2:$D$501,Transaksi!$D91)>1,"Kemungkinan duplikat. ","")))
B103: =IF(Transaksi!$A92="","",92) | C103: =IF(Transaksi!$A92="","",Transaksi!$A92) | D103: =IF(Transaksi!$A92="","",Transaksi!$C92) | E103: =IF(Transaksi!$A92="","",Transaksi!$D92) | F103: =IF(Transaksi!$A92="","",TRIM(IF(Transaksi!$C92="","Nominal kosong. ","")&IF(N(Transaksi!$C92)<0,"Nominal negatif. ","")&IF(Transaksi!$B92="","Jenis belum diisi. ","")&IF(Transaksi!$E92="","Kategori belum diisi. ","")&IF(Transaksi!$A92>TODAY(),"Tanggal di masa depan. ","")&IF(COUNTIFS(Transaksi!$A$2:$A$501,Transaksi!$A92,Transaksi!$C$2:$C$501,Transaksi!$C92,Transaksi!$D$2:$D$501,Transaksi!$D92)>1,"Kemungkinan duplikat. ","")))
...

Sheet Contoh Pengisian
B2: KASUMKM · CONTOH
B3: Contoh Pengisian
B4: Hanya contoh. Sheet ini boleh dihapus.
B6: Tanggal | C6: Jenis | D6: Nominal (Rp) | E6: Keterangan | F6: Kategori (oleh admin) | G6: Status
B7: 46174 | C7: Masuk | D7: 450000 | E7: penjualan hari ini | F7: Penjualan Tunai | G7: Disetujui
B8: 46174 | C8: Keluar | D8: 150000 | E8: beli gula 5 kg | F8: Bahan Baku | G8: Disetujui
B9: 46175 | C9: Masuk | D9: 380000 | E9: jualan
B10: 46175 | C10: Keluar | D10: 25000 | E10: bensin antar pesanan
B11: 46176 | C11: Masuk | D11: 620000 | E11: pesanan katering 20 box | F11: Pendapatan Jasa | G11: Disetujui
B12: 46176 | C12: Keluar | D12: 300000 | E12: belanja pasar | F12: Bahan Baku | G12: Disetujui
B13: 46177 | C13: Keluar | D13: 500000 | E13: bayar listrik | F13: Listrik & Air | G13: Disetujui
B15: Perhatikan: kolom Kategori dan Status boleh kosong saat pemilik usaha mencatat. Admin yang melengkapi kemudian.

Sheet Data Grafik
A1: Data bantu untuk kartu & grafik Dashboard — tidak perlu diubah
A3: Metrik | B3: Bulan Ini | C3: Bulan Lalu
A4: Uang Masuk | B4: =SUMIFS(Transaksi!$C:$C,Transaksi!$J:$J,Dashboard!$C$8,Transaksi!$B:$B,"Masuk") | C4: =SUMIFS(Transaksi!$C:$C,Transaksi!$J:$J,Dashboard!$F$8,Transaksi!$B:$B,"Masuk")
A5: Uang Keluar | B5: =SUMIFS(Transaksi!$C:$C,Transaksi!$J:$J,Dashboard!$C$8,Transaksi!$B:$B,"Keluar") | C5: =SUMIFS(Transaksi!$C:$C,Transaksi!$J:$J,Dashboard!$F$8,Transaksi!$B:$B,"Keluar")
A6: Laba / Rugi | B6: =$B$4-$B$5 | C6: =$C$4-$C$5
A7: Saldo Kas | B7: =IF('Profil Usaha'!$C$14="",0,'Profil Usaha'!$C$14)+SUMIFS(Transaksi!$C:$C,Transaksi!$J:$J,"<="&Dashboard!$C$8,Transaksi!$B:$B,"Masuk")-SUMIFS(Transaksi!$C:$C,Transaksi!$J:$J,"<="&Dashboard!$C$8,Transaksi!$B:$B,"Keluar") | C7: =IF('Profil Usaha'!$C$14="",0,'Profil Usaha'!$C$14)+SUMIFS(Transaksi!$C:$C,Transaksi!$J:$J,"<="&Dashboard!$F$8,Transaksi!$B:$B,"Masuk")-SUMIFS(Transaksi!$C:$C,Transaksi!$J:$J,"<="&Dashboard!$F$8,Transaksi!$B:$B,"Keluar")
A8: Jumlah Transaksi | B8: =COUNTIFS(Transaksi!$J:$J,Dashboard!$C$8) | C8: =COUNTIFS(Transaksi!$J:$J,Dashboard!$F$8)
A9: Belum Dikategorikan | B9: =COUNTIFS(Transaksi!$J:$J,Dashboard!$C$8,Transaksi!$E:$E,"")
A10: Belum Disetujui | B10: =COUNTIFS(Transaksi!$J:$J,Dashboard!$C$8,Transaksi!$G:$G,"<>Disetujui")
A11: Transaksi Terakhir Dicatat | B11: =IF(COUNT(Transaksi!$A:$A)=0,"-",MAX(Transaksi!$A:$A))
A14: Bulan | B14: Kunci | C14: Uang Masuk | D14: Uang Keluar | E14: Laba / Rugi
A15: =CHOOSE(1,"Jan","Feb","Mar","Apr","Mei","Jun","Jul","Agu","Sep","Okt","Nov","Des") | B15: =TEXT(DATE(Dashboard!$F$6,1,1),"yyyy-mm") | C15: =SUMIFS(Transaksi!$C:$C,Transaksi!$J:$J,$B15,Transaksi!$B:$B,"Masuk") | D15: =SUMIFS(Transaksi!$C:$C,Transaksi!$J:$J,$B15,Transaksi!$B:$B,"Keluar") | E15: =$C15-$D15
A16: =CHOOSE(2,"Jan","Feb","Mar","Apr","Mei","Jun","Jul","Agu","Sep","Okt","Nov","Des") | B16: =TEXT(DATE(Dashboard!$F$6,2,1),"yyyy-mm") | C16: =SUMIFS(Transaksi!$C:$C,Transaksi!$J:$J,$B16,Transaksi!$B:$B,"Masuk") | D16: =SUMIFS(Transaksi!$C:$C,Transaksi!$J:$J,$B16,Transaksi!$B:$B,"Keluar") | E16: =$C16-$D16
A17: =CHOOSE(3,"Jan","Feb","Mar","Apr","Mei","Jun","Jul","Agu","Sep","Okt","Nov","Des") | B17: =TEXT(DATE(Dashboard!$F$6,3,1),"yyyy-mm") | C17: =SUMIFS(Transaksi!$C:$C,Transaksi!$J:$J,$B17,Transaksi!$B:$B,"Masuk") | D17: =SUMIFS(Transaksi!$C:$C,Transaksi!$J:$J,$B17,Transaksi!$B:$B,"Keluar") | E17: =$C17-$D17
A18: =CHOOSE(4,"Jan","Feb","Mar","Apr","Mei","Jun","Jul","Agu","Sep","Okt","Nov","Des") | B18: =TEXT(DATE(Dashboard!$F$6,4,1),"yyyy-mm") | C18: =SUMIFS(Transaksi!$C:$C,Transaksi!$J:$J,$B18,Transaksi!$B:$B,"Masuk") | D18: =SUMIFS(Transaksi!$C:$C,Transaksi!$J:$J,$B18,Transaksi!$B:$B,"Keluar") | E18: =$C18-$D18
A19: =CHOOSE(5,"Jan","Feb","Mar","Apr","Mei","Jun","Jul","Agu","Sep","Okt","Nov","Des") | B19: =TEXT(DATE(Dashboard!$F$6,5,1),"yyyy-mm") | C19: =SUMIFS(Transaksi!$C:$C,Transaksi!$J:$J,$B19,Transaksi!$B:$B,"Masuk") | D19: =SUMIFS(Transaksi!$C:$C,Transaksi!$J:$J,$B19,Transaksi!$B:$B,"Keluar") | E19: =$C19-$D19
A20: =CHOOSE(6,"Jan","Feb","Mar","Apr","Mei","Jun","Jul","Agu","Sep","Okt","Nov","Des") | B20: =TEXT(DATE(Dashboard!$F$6,6,1),"yyyy-mm") | C20: =SUMIFS(Transaksi!$C:$C,Transaksi!$J:$J,$B20,Transaksi!$B:$B,"Masuk") | D20: =SUMIFS(Transaksi!$C:$C,Transaksi!$J:$J,$B20,Transaksi!$B:$B,"Keluar") | E20: =$C20-$D20
A21: =CHOOSE(7,"Jan","Feb","Mar","Apr","Mei","Jun","Jul","Agu","Sep","Okt","Nov","Des") | B21: =TEXT(DATE(Dashboard!$F$6,7,1),"yyyy-mm") | C21: =SUMIFS(Transaksi!$C:$C,Transaksi!$J:$J,$B21,Transaksi!$B:$B,"Masuk") | D21: =SUMIFS(Transaksi!$C:$C,Transaksi!$J:$J,$B21,Transaksi!$B:$B,"Keluar") | E21: =$C21-$D21
A22: =CHOOSE(8,"Jan","Feb","Mar","Apr","Mei","Jun","Jul","Agu","Sep","Okt","Nov","Des") | B22: =TEXT(DATE(Dashboard!$F$6,8,1),"yyyy-mm") | C22: =SUMIFS(Transaksi!$C:$C,Transaksi!$J:$J,$B22,Transaksi!$B:$B,"Masuk") | D22: =SUMIFS(Transaksi!$C:$C,Transaksi!$J:$J,$B22,Transaksi!$B:$B,"Keluar") | E22: =$C22-$D22
A23: =CHOOSE(9,"Jan","Feb","Mar","Apr","Mei","Jun","Jul","Agu","Sep","Okt","Nov","Des") | B23: =TEXT(DATE(Dashboard!$F$6,9,1),"yyyy-mm") | C23: =SUMIFS(Transaksi!$C:$C,Transaksi!$J:$J,$B23,Transaksi!$B:$B,"Masuk") | D23: =SUMIFS(Transaksi!$C:$C,Transaksi!$J:$J,$B23,Transaksi!$B:$B,"Keluar") | E23: =$C23-$D23
A24: =CHOOSE(10,"Jan","Feb","Mar","Apr","Mei","Jun","Jul","Agu","Sep","Okt","Nov","Des") | B24: =TEXT(DATE(Dashboard!$F$6,10,1),"yyyy-mm") | C24: =SUMIFS(Transaksi!$C:$C,Transaksi!$J:$J,$B24,Transaksi!$B:$B,"Masuk") | D24: =SUMIFS(Transaksi!$C:$C,Transaksi!$J:$J,$B24,Transaksi!$B:$B,"Keluar") | E24: =$C24-$D24
A25: =CHOOSE(11,"Jan","Feb","Mar","Apr","Mei","Jun","Jul","Agu","Sep","Okt","Nov","Des") | B25: =TEXT(DATE(Dashboard!$F$6,11,1),"yyyy-mm") | C25: =SUMIFS(Transaksi!$C:$C,Transaksi!$J:$J,$B25,Transaksi!$B:$B,"Masuk") | D25: =SUMIFS(Transaksi!$C:$C,Transaksi!$J:$J,$B25,Transaksi!$B:$B,"Keluar") | E25: =$C25-$D25
A26: =CHOOSE(12,"Jan","Feb","Mar","Apr","Mei","Jun","Jul","Agu","Sep","Okt","Nov","Des") | B26: =TEXT(DATE(Dashboard!$F$6,12,1),"yyyy-mm") | C26: =SUMIFS(Transaksi!$C:$C,Transaksi!$J:$J,$B26,Transaksi!$B:$B,"Masuk") | D26: =SUMIFS(Transaksi!$C:$C,Transaksi!$J:$J,$B26,Transaksi!$B:$B,"Keluar") | E26: =$C26-$D26
A29: Kategori Pengeluaran | B29: Jumlah | C29: Nilai Unik (bantu)
A30: =Kategori!$C$7 | B30: =SUMIFS(Transaksi!$C:$C,Transaksi!$J:$J,Dashboard!$C$8,Transaksi!$B:$B,"Keluar",Transaksi!$E:$E,$A30) | C30: =IF($B30<=0,0,$B30+ROW()/1000000)
A31: =Kategori!$C$8 | B31: =SUMIFS(Transaksi!$C:$C,Transaksi!$J:$J,Dashboard!$C$8,Transaksi!$B:$B,"Keluar",Transaksi!$E:$E,$A31) | C31: =IF($B31<=0,0,$B31+ROW()/1000000)
A32: =Kategori!$C$9 | B32: =SUMIFS(Transaksi!$C:$C,Transaksi!$J:$J,Dashboard!$C$8,Transaksi!$B:$B,"Keluar",Transaksi!$E:$E,$A32) | C32: =IF($B32<=0,0,$B32+ROW()/1000000)
A33: =Kategori!$C$10 | B33: =SUMIFS(Transaksi!$C:$C,Transaksi!$J:$J,Dashboard!$C$8,Transaksi!$B:$B,"Keluar",Transaksi!$E:$E,$A33) | C33: =IF($B33<=0,0,$B33+ROW()/1000000)
A34: =Kategori!$C$11 | B34: =SUMIFS(Transaksi!$C:$C,Transaksi!$J:$J,Dashboard!$C$8,Transaksi!$B:$B,"Keluar",Transaksi!$E:$E,$A34) | C34: =IF($B34<=0,0,$B34+ROW()/1000000)
A35: =Kategori!$C$12 | B35: =SUMIFS(Transaksi!$C:$C,Transaksi!$J:$J,Dashboard!$C$8,Transaksi!$B:$B,"Keluar",Transaksi!$E:$E,$A35) | C35: =IF($B35<=0,0,$B35+ROW()/1000000)
A36: =Kategori!$C$13 | B36: =SUMIFS(Transaksi!$C:$C,Transaksi!$J:$J,Dashboard!$C$8,Transaksi!$B:$B,"Keluar",Transaksi!$E:$E,$A36) | C36: =IF($B36<=0,0,$B36+ROW()/1000000)
A37: =Kategori!$C$14 | B37: =SUMIFS(Transaksi!$C:$C,Transaksi!$J:$J,Dashboard!$C$8,Transaksi!$B:$B,"Keluar",Transaksi!$E:$E,$A37) | C37: =IF($B37<=0,0,$B37+ROW()/1000000)
A38: =Kategori!$C$15 | B38: =SUMIFS(Transaksi!$C:$C,Transaksi!$J:$J,Dashboard!$C$8,Transaksi!$B:$B,"Keluar",Transaksi!$E:$E,$A38) | C38: =IF($B38<=0,0,$B38+ROW()/1000000)
A39: =Kategori!$C$16 | B39: =SUMIFS(Transaksi!$C:$C,Transaksi!$J:$J,Dashboard!$C$8,Transaksi!$B:$B,"Keluar",Transaksi!$E:$E,$A39) | C39: =IF($B39<=0,0,$B39+ROW()/1000000)
A40: =Kategori!$C$17 | B40: =SUMIFS(Transaksi!$C:$C,Transaksi!$J:$J,Dashboard!$C$8,Transaksi!$B:$B,"Keluar",Transaksi!$E:$E,$A40) | C40: =IF($B40<=0,0,$B40+ROW()/1000000)
A41: =Kategori!$C$18 | B41: =SUMIFS(Transaksi!$C:$C,Transaksi!$J:$J,Dashboard!$C$8,Transaksi!$B:$B,"Keluar",Transaksi!$E:$E,$A41) | C41: =IF($B41<=0,0,$B41+ROW()/1000000)
A44: Top Kategori Pengeluaran | B44: Jumlah
A45: =IF(LARGE($C$30:$C$41,1)<=0,"",INDEX($A$30:$A$41,MATCH(LARGE($C$30:$C$41,1),$C$30:$C$41,0))) | B45: =IF($A45="","",INDEX($B$30:$B$41,MATCH(LARGE($C$30:$C$41,1),$C$30:$C$41,0)))
A46: =IF(LARGE($C$30:$C$41,2)<=0,"",INDEX($A$30:$A$41,MATCH(LARGE($C$30:$C$41,2),$C$30:$C$41,0))) | B46: =IF($A46="","",INDEX($B$30:$B$41,MATCH(LARGE($C$30:$C$41,2),$C$30:$C$41,0)))
A47: =IF(LARGE($C$30:$C$41,3)<=0,"",INDEX($A$30:$A$41,MATCH(LARGE($C$30:$C$41,3),$C$30:$C$41,0))) | B47: =IF($A47="","",INDEX($B$30:$B$41,MATCH(LARGE($C$30:$C$41,3),$C$30:$C$41,0)))
A48: =IF(LARGE($C$30:$C$41,4)<=0,"",INDEX($A$30:$A$41,MATCH(LARGE($C$30:$C$41,4),$C$30:$C$41,0))) | B48: =IF($A48="","",INDEX($B$30:$B$41,MATCH(LARGE($C$30:$C$41,4),$C$30:$C$41,0)))
A49: =IF(LARGE($C$30:$C$41,5)<=0,"",INDEX($A$30:$A$41,MATCH(LARGE($C$30:$C$41,5),$C$30:$C$41,0))) | B49: =IF($A49="","",INDEX($B$30:$B$41,MATCH(LARGE($C$30:$C$41,5),$C$30:$C$41,0)))
A50: =IF(MAX(0,$B$5-SUM($B$45:$B$49))=0,"","Lainnya & belum dikategorikan") | B50: =MAX(0,$B$5-SUM($B$45:$B$49))
