Workbook

Sheet Petunjuk
A1: Rekap Admin — Semua UMKM
A2: Satu file untuk memantau seluruh klien pembukuan Anda
A4: 1. Buka file Pembukuan-<NamaUsaha>.xlsx → sheet Transaksi.
A5: 2. Blok data dari kolom Tanggal sampai Status (tanpa baris judul), lalu Copy.
A6: 3. Buka sheet SALIN DATA di file ini, tempel (Paste) di baris kosong paling bawah kolom B.
A7: 4. Tulis nama usaha di kolom A untuk baris-baris yang baru ditempel.
A8: 5. Sheet REKAP otomatis membandingkan seluruh UMKM.
A9: 6. Sheet TAGIHAN JASA otomatis menghitung biaya jasa pembukuan bulan itu.
A11: Tips: lakukan setiap akhir minggu supaya rekap tidak menumpuk.
A12: Kolom I (Bulan) di sheet Salin Data adalah kolom bantu rumus — biarkan saja.
A13: Daftar nama usaha di sheet Rekap harus ditulis SAMA PERSIS dengan di kolom A sheet Salin Data.

Sheet Salin Data
A1: Nama Usaha | B1: Tanggal | C1: Jenis | D1: Nominal (Rp) | E1: Keterangan | F1: Kategori | G1: Metode Bayar | H1: Status | I1: Bulan (bantu)
I2: =IF($B2="","",TEXT($B2,"yyyy-mm"))
I3: =IF($B3="","",TEXT($B3,"yyyy-mm"))
I4: =IF($B4="","",TEXT($B4,"yyyy-mm"))
I5: =IF($B5="","",TEXT($B5,"yyyy-mm"))
I6: =IF($B6="","",TEXT($B6,"yyyy-mm"))
I7: =IF($B7="","",TEXT($B7,"yyyy-mm"))
I8: =IF($B8="","",TEXT($B8,"yyyy-mm"))
I9: =IF($B9="","",TEXT($B9,"yyyy-mm"))
I10: =IF($B10="","",TEXT($B10,"yyyy-mm"))
I11: =IF($B11="","",TEXT($B11,"yyyy-mm"))
I12: =IF($B12="","",TEXT($B12,"yyyy-mm"))
I13: =IF($B13="","",TEXT($B13,"yyyy-mm"))
... I2001: =IF($B2001="","",TEXT($B2001,"yyyy-mm"))

Sheet Rekap
A1: Rekap Semua UMKM
A2: Ubah Bulan & Tahun di bawah
A4: Bulan (1-12) | B4: 9 | C4: =CHOOSE($B$4,"Januari","Februari","Maret","April","Mei","Juni","Juli","Agustus","September","Oktober","November","Desember")&" "&$B$5
A5: Tahun | B5: 2026
A6: Kunci Bulan | B6: =TEXT(DATE($B$5,$B$4,1),"yyyy-mm")
A8: Nama Usaha | B8: Uang Masuk | C8: Uang Keluar | D8: Laba / Rugi | E8: Jumlah Transaksi | F8: Belum Dikategorikan | G8: Belum Disetujui | H8: Transaksi Terakhir | I8: Hari Tidak Mencatat
A9: Toko Maju | B9: =IF($A9="","",SUMIFS('Salin Data'!$D:$D,'Salin Data'!$A:$A,$A9,'Salin Data'!$I:$I,$B$6,'Salin Data'!$C:$C,"Masuk")) | C9: =IF($A9="","",SUMIFS('Salin Data'!$D:$D,'Salin Data'!$A:$A,$A9,'Salin Data'!$I:$I,$B$6,'Salin Data'!$C:$C,"Keluar")) | D9: =IF($A9="","",$B9-$C9) | E9: =IF($A9="","",COUNTIFS('Salin Data'!$A:$A,$A9,'Salin Data'!$I:$I,$B$6)) | F9: =IF($A9="","",COUNTIFS('Salin Data'!$A:$A,$A9,'Salin Data'!$I:$I,$B$6,'Salin Data'!$F:$F,"")) | G9: =IF($A9="","",COUNTIFS('Salin Data'!$A:$A,$A9,'Salin Data'!$I:$I,$B$6,'Salin Data'!$H:$H,"<>Disetujui")) | H9: =IF($A9="","",IF(COUNTIF('Salin Data'!$A:$A,$A9)=0,"-",SUMPRODUCT(MAX(('Salin Data'!$A$2:$A$2001=$A9)*'Salin Data'!$B$2:$B$2001)))) | I9: =IF(OR($A9="",NOT(ISNUMBER($H9))),"",TODAY()-$H9)
A10: Kedai Nusantara | B10: =IF($A10="","",SUMIFS('Salin Data'!$D:$D,'Salin Data'!$A:$A,$A10,'Salin Data'!$I:$I,$B$6,'Salin Data'!$C:$C,"Masuk")) | C10: =IF($A10="","",SUMIFS('Salin Data'!$D:$D,'Salin Data'!$A:$A,$A10,'Salin Data'!$I:$I,$B$6,'Salin Data'!$C:$C,"Keluar")) | D10: =IF($A10="","",$B10-$C10) | E10: =IF($A10="","",COUNTIFS('Salin Data'!$A:$A,$A10,'Salin Data'!$I:$I,$B$6)) | F10: =IF($A10="","",COUNTIFS('Salin Data'!$A:$A,$A10,'Salin Data'!$I:$I,$B$6,'Salin Data'!$F:$F,"")) | G10: =IF($A10="","",COUNTIFS('Salin Data'!$A:$A,$A10,'Salin Data'!$I:$I,$B$6,'Salin Data'!$H:$H,"<>Disetujui")) | H10: =IF($A10="","",IF(COUNTIF('Salin Data'!$A:$A,$A10)=0,"-",SUMPRODUCT(MAX(('Salin Data'!$A$2:$A$2001=$A10)*'Salin Data'!$B$2:$B$2001)))) | I10: =IF(OR($A10="",NOT(ISNUMBER($H10))),"",TODAY()-$H10)
A11: Laundry Bersih | B11: =IF($A11="","",SUMIFS('Salin Data'!$D:$D,'Salin Data'!$A:$A,$A11,'Salin Data'!$I:$I,$B$6,'Salin Data'!$C:$C,"Masuk")) | C11: =IF($A11="","",SUMIFS('Salin Data'!$D:$D,'Salin Data'!$A:$A,$A11,'Salin Data'!$I:$I,$B$6,'Salin Data'!$C:$C,"Keluar")) | D11: =IF($A11="","",$B11-$C11) | E11: =IF($A11="","",COUNTIFS('Salin Data'!$A:$A,$A11,'Salin Data'!$I:$I,$B$6)) | F11: =IF($A11="","",COUNTIFS('Salin Data'!$A:$A,$A11,'Salin Data'!$I:$I,$B$6,'Salin Data'!$F:$F,"")) | G11: =IF($A11="","",COUNTIFS('Salin Data'!$A:$A,$A11,'Salin Data'!$I:$I,$B$6,'Salin Data'!$H:$H,"<>Disetujui")) | H11: =IF($A11="","",IF(COUNTIF('Salin Data'!$A:$A,$A11)=0,"-",SUMPRODUCT(MAX(('Salin Data'!$A$2:$A$2001=$A11)*'Salin Data'!$B$2:$B$2001)))) | I11: =IF(OR($A11="",NOT(ISNUMBER($H11))),"",TODAY()-$H11)
A12: Sinar Jaya Online | B12: =IF($A12="","",SUMIFS('Salin Data'!$D:$D,'Salin Data'!$A:$A,$A12,'Salin Data'!$I:$I,$B$6,'Salin Data'!$C:$C,"Masuk")) | C12: =IF($A12="","",SUMIFS('Salin Data'!$D:$D,'Salin Data'!$A:$A,$A12,'Salin Data'!$I:$I,$B$6,'Salin Data'!$C:$C,"Keluar")) | D12: =IF($A12="","",$B12-$C12) | E12: =IF($A12="","",COUNTIFS('Salin Data'!$A:$A,$A12,'Salin Data'!$I:$I,$B$6)) | F12: =IF($A12="","",COUNTIFS('Salin Data'!$A:$A,$A12,'Salin Data'!$I:$I,$B$6,'Salin Data'!$F:$F,"")) | G12: =IF($A12="","",COUNTIFS('Salin Data'!$A:$A,$A12,'Salin Data'!$I:$I,$B$6,'Salin Data'!$H:$H,"<>Disetujui")) | H12: =IF($A12="","",IF(COUNTIF('Salin Data'!$A:$A,$A12)=0,"-",SUMPRODUCT(MAX(('Salin Data'!$A$2:$A$2001=$A12)*'Salin Data'!$B$2:$B$2001)))) | I12: =IF(OR($A12="",NOT(ISNUMBER($H12))),"",TODAY()-$H12)
A13: Kreatif Digital | B13: =IF($A13="","",SUMIFS('Salin Data'!$D:$D,'Salin Data'!$A:$A,$A13,'Salin Data'!$I:$I,$B$6,'Salin Data'!$C:$C,"Masuk")) | C13: =IF($A13="","",SUMIFS('Salin Data'!$D:$D,'Salin Data'!$A:$A,$A13,'Salin Data'!$I:$I,$B$6,'Salin Data'!$C:$C,"Keluar")) | D13: =IF($A13="","",$B13-$C13) | E13: =IF($A13="","",COUNTIFS('Salin Data'!$A:$A,$A13,'Salin Data'!$I:$I,$B$6)) | F13: =IF($A13="","",COUNTIFS('Salin Data'!$A:$A,$A13,'Salin Data'!$I:$I,$B$6,'Salin Data'!$F:$F,"")) | G13: =IF($A13="","",COUNTIFS('Salin Data'!$A:$A,$A13,'Salin Data'!$I:$I,$B$6,'Salin Data'!$H:$H,"<>Disetujui")) | H13: =IF($A13="","",IF(COUNTIF('Salin Data'!$A:$A,$A13)=0,"-",SUMPRODUCT(MAX(('Salin Data'!$A$2:$A$2001=$A13)*'Salin Data'!$B$2:$B$2001)))) | I13: =IF(OR($A13="",NOT(ISNUMBER($H13))),"",TODAY()-$H13)
B14: =IF($A14="","",SUMIFS('Salin Data'!$D:$D,'Salin Data'!$A:$A,$A14,'Salin Data'!$I:$I,$B$6,'Salin Data'!$C:$C,"Masuk")) | C14: =IF($A14="","",SUMIFS('Salin Data'!$D:$D,'Salin Data'!$A:$A,$A14,'Salin Data'!$I:$I,$B$6,'Salin Data'!$C:$C,"Keluar")) | D14: =IF($A14="","",$B14-$C14) | E14: =IF($A14="","",COUNTIFS('Salin Data'!$A:$A,$A14,'Salin Data'!$I:$I,$B$6)) | F14: =IF($A14="","",COUNTIFS('Salin Data'!$A:$A,$A14,'Salin Data'!$I:$I,$B$6,'Salin Data'!$F:$F,"")) | G14: =IF($A14="","",COUNTIFS('Salin Data'!$A:$A,$A14,'Salin Data'!$I:$I,$B$6,'Salin Data'!$H:$H,"<>Disetujui")) | H14: =IF($A14="","",IF(COUNTIF('Salin Data'!$A:$A,$A14)=0,"-",SUMPRODUCT(MAX(('Salin Data'!$A$2:$A$2001=$A14)*'Salin Data'!$B$2:$B$2001)))) | I14: =IF(OR($A14="",NOT(ISNUMBER($H14))),"",TODAY()-$H14)
B15: =IF($A15="","",SUMIFS('Salin Data'!$D:$D,'Salin Data'!$A:$A,$A15,'Salin Data'!$I:$I,$B$6,'Salin Data'!$C:$C,"Masuk")) | C15: =IF($A15="","",SUMIFS('Salin Data'!$D:$D,'Salin Data'!$A:$A,$A15,'Salin Data'!$I:$I,$B$6,'Salin Data'!$C:$C,"Keluar")) | D15: =IF($A15="","",$B15-$C15) | E15: =IF($A15="","",COUNTIFS('Salin Data'!$A:$A,$A15,'Salin Data'!$I:$I,$B$6)) | F15: =IF($A15="","",COUNTIFS('Salin Data'!$A:$A,$A15,'Salin Data'!$I:$I,$B$6,'Salin Data'!$F:$F,"")) | G15: =IF($A15="","",COUNTIFS('Salin Data'!$A:$A,$A15,'Salin Data'!$I:$I,$B$6,'Salin Data'!$H:$H,"<>Disetujui")) | H15: =IF($A15="","",IF(COUNTIF('Salin Data'!$A:$A,$A15)=0,"-",SUMPRODUCT(MAX(('Salin Data'!$A$2:$A$2001=$A15)*'Salin Data'!$B$2:$B$2001)))) | I15: =IF(OR($A15="",NOT(ISNUMBER($H15))),"",TODAY()-$H15)
B16: =IF($A16="","",SUMIFS('Salin Data'!$D:$D,'Salin Data'!$A:$A,$A16,'Salin Data'!$I:$I,$B$6,'Salin Data'!$C:$C,"Masuk")) | C16: =IF($A16="","",SUMIFS('Salin Data'!$D:$D,'Salin Data'!$A:$A,$A16,'Salin Data'!$I:$I,$B$6,'Salin Data'!$C:$C,"Keluar")) | D16: =IF($A16="","",$B16-$C16) | E16: =IF($A16="","",COUNTIFS('Salin Data'!$A:$A,$A16,'Salin Data'!$I:$I,$B$6)) | F16: =IF($A16="","",COUNTIFS('Salin Data'!$A:$A,$A16,'Salin Data'!$I:$I,$B$6,'Salin Data'!$F:$F,"")) | G16: =IF($A16="","",COUNTIFS('Salin Data'!$A:$A,$A16,'Salin Data'!$I:$I,$B$6,'Salin Data'!$H:$H,"<>Disetujui")) | H16: =IF($A16="","",IF(COUNTIF('Salin Data'!$A:$A,$A16)=0,"-",SUMPRODUCT(MAX(('Salin Data'!$A$2:$A$2001=$A16)*'Salin Data'!$B$2:$B$2001)))) | I16: =IF(OR($A16="",NOT(ISNUMBER($H16))),"",TODAY()-$H16)
B17: =IF($A17="","",SUMIFS('Salin Data'!$D:$D,'Salin Data'!$A:$A,$A17,'Salin Data'!$I:$I,$B$6,'Salin Data'!$C:$C,"Masuk")) | C17: =IF($A17="","",SUMIFS('Salin Data'!$D:$D,'Salin Data'!$A:$A,$A17,'Salin Data'!$I:$I,$B$6,'Salin Data'!$C:$C,"Keluar")) | D17: =IF($A17="","",$B17-$C17) | E17: =IF($A17="","",COUNTIFS('Salin Data'!$A:$A,$A17,'Salin Data'!$I:$I,$B$6)) | F17: =IF($A17="","",COUNTIFS('Salin Data'!$A:$A,$A17,'Salin Data'!$I:$I,$B$6,'Salin Data'!$F:$F,"")) | G17: =IF($A17="","",COUNTIFS('Salin Data'!$A:$A,$A17,'Salin Data'!$I:$I,$B$6,'Salin Data'!$H:$H,"<>Disetujui")) | H17: =IF($A17="","",IF(COUNTIF('Salin Data'!$A:$A,$A17)=0,"-",SUMPRODUCT(MAX(('Salin Data'!$A$2:$A$2001=$A17)*'Salin Data'!$B$2:$B$2001)))) | I17: =IF(OR($A17="",NOT(ISNUMBER($H17))),"",TODAY()-$H17)
B18: =IF($A18="","",SUMIFS('Salin Data'!$D:$D,'Salin Data'!$A:$A,$A18,'Salin Data'!$I:$I,$B$6,'Salin Data'!$C:$C,"Masuk")) | C18: =IF($A18="","",SUMIFS('Salin Data'!$D:$D,'Salin Data'!$A:$A,$A18,'Salin Data'!$I:$I,$B$6,'Salin Data'!$C:$C,"Keluar")) | D18: =IF($A18="","",$B18-$C18) | E18: =IF($A18="","",COUNTIFS('Salin Data'!$A:$A,$A18,'Salin Data'!$I:$I,$B$6)) | F18: =IF($A18="","",COUNTIFS('Salin Data'!$A:$A,$A18,'Salin Data'!$I:$I,$B$6,'Salin Data'!$F:$F,"")) | G18: =IF($A18="","",COUNTIFS('Salin Data'!$A:$A,$A18,'Salin Data'!$I:$I,$B$6,'Salin Data'!$H:$H,"<>Disetujui")) | H18: =IF($A18="","",IF(COUNTIF('Salin Data'!$A:$A,$A18)=0,"-",SUMPRODUCT(MAX(('Salin Data'!$A$2:$A$2001=$A18)*'Salin Data'!$B$2:$B$2001)))) | I18: =IF(OR($A18="",NOT(ISNUMBER($H18))),"",TODAY()-$H18)
B19: =IF($A19="","",SUMIFS('Salin Data'!$D:$D,'Salin Data'!$A:$A,$A19,'Salin Data'!$I:$I,$B$6,'Salin Data'!$C:$C,"Masuk")) | C19: =IF($A19="","",SUMIFS('Salin Data'!$D:$D,'Salin Data'!$A:$A,$A19,'Salin Data'!$I:$I,$B$6,'Salin Data'!$C:$C,"Keluar")) | D19: =IF($A19="","",$B19-$C19) | E19: =IF($A19="","",COUNTIFS('Salin Data'!$A:$A,$A19,'Salin Data'!$I:$I,$B$6)) | F19: =IF($A19="","",COUNTIFS('Salin Data'!$A:$A,$A19,'Salin Data'!$I:$I,$B$6,'Salin Data'!$F:$F,"")) | G19: =IF($A19="","",COUNTIFS('Salin Data'!$A:$A,$A19,'Salin Data'!$I:$I,$B$6,'Salin Data'!$H:$H,"<>Disetujui")) | H19: =IF($A19="","",IF(COUNTIF('Salin Data'!$A:$A,$A19)=0,"-",SUMPRODUCT(MAX(('Salin Data'!$A$2:$A$2001=$A19)*'Salin Data'!$B$2:$B$2001)))) | I19: =IF(OR($A19="",NOT(ISNUMBER($H19))),"",TODAY()-$H19)
B20: =IF($A20="","",SUMIFS('Salin Data'!$D:$D,'Salin Data'!$A:$A,$A20,'Salin Data'!$I:$I,$B$6,'Salin Data'!$C:$C,"Masuk")) | C20: =IF($A20="","",SUMIFS('Salin Data'!$D:$D,'Salin Data'!$A:$A,$A20,'Salin Data'!$I:$I,$B$6,'Salin Data'!$C:$C,"Keluar")) | D20: =IF($A20="","",$B20-$C20) | E20: =IF($A20="","",COUNTIFS('Salin Data'!$A:$A,$A20,'Salin Data'!$I:$I,$B$6)) | F20: =IF($A20="","",COUNTIFS('Salin Data'!$A:$A,$A20,'Salin Data'!$I:$I,$B$6,'Salin Data'!$F:$F,"")) | G20: =IF($A20="","",COUNTIFS('Salin Data'!$A:$A,$A20,'Salin Data'!$I:$I,$B$6,'Salin Data'!$H:$H,"<>Disetujui")) | H20: =IF($A20="","",IF(COUNTIF('Salin Data'!$A:$A,$A20)=0,"-",SUMPRODUCT(MAX(('Salin Data'!$A$2:$A$2001=$A20)*'Salin Data'!$B$2:$B$2001)))) | I20: =IF(OR($A20="",NOT(ISNUMBER($H20))),"",TODAY()-$H20)
B21: =IF($A21="","",SUMIFS('Salin Data'!$D:$D,'Salin Data'!$A:$A,$A21,'Salin Data'!$I:$I,$B$6,'Salin Data'!$C:$C,"Masuk")) | C21: =IF($A21="","",SUMIFS('Salin Data'!$D:$D,'Salin Data'!$A:$A,$A21,'Salin Data'!$I:$I,$B$6,'Salin Data'!$C:$C,"Keluar")) | D21: =IF($A21="","",$B21-$C21) | E21: =IF($A21="","",COUNTIFS('Salin Data'!$A:$A,$A21,'Salin Data'!$I:$I,$B$6)) | F21: =IF($A21="","",COUNTIFS('Salin Data'!$A:$A,$A21,'Salin Data'!$I:$I,$B$6,'Salin Data'!$F:$F,"")) | G21: =IF($A21="","",COUNTIFS('Salin Data'!$A:$A,$A21,'Salin Data'!$I:$I,$B$6,'Salin Data'!$H:$H,"<>Disetujui")) | H21: =IF($A21="","",IF(COUNTIF('Salin Data'!$A:$A,$A21)=0,"-",SUMPRODUCT(MAX(('Salin Data'!$A$2:$A$2001=$A21)*'Salin Data'!$B$2:$B$2001)))) | I21: =IF(OR($A21="",NOT(ISNUMBER($H21))),"",TODAY()-$H21)
B22: =IF($A22="","",SUMIFS('Salin Data'!$D:$D,'Salin Data'!$A:$A,$A22,'Salin Data'!$I:$I,$B$6,'Salin Data'!$C:$C,"Masuk")) | C22: =IF($A22="","",SUMIFS('Salin Data'!$D:$D,'Salin Data'!$A:$A,$A22,'Salin Data'!$I:$I,$B$6,'Salin Data'!$C:$C,"Keluar")) | D22: =IF($A22="","",$B22-$C22) | E22: =IF($A22="","",COUNTIFS('Salin Data'!$A:$A,$A22,'Salin Data'!$I:$I,$B$6)) | F22: =IF($A22="","",COUNTIFS('Salin Data'!$A:$A,$A22,'Salin Data'!$I:$I,$B$6,'Salin Data'!$F:$F,"")) | G22: =IF($A22="","",COUNTIFS('Salin Data'!$A:$A,$A22,'Salin Data'!$I:$I,$B$6,'Salin Data'!$H:$H,"<>Disetujui")) | H22: =IF($A22="","",IF(COUNTIF('Salin Data'!$A:$A,$A22)=0,"-",SUMPRODUCT(MAX(('Salin Data'!$A$2:$A$2001=$A22)*'Salin Data'!$B$2:$B$2001)))) | I22: =IF(OR($A22="",NOT(ISNUMBER($H22))),"",TODAY()-$H22)
B23: =IF($A23="","",SUMIFS('Salin Data'!$D:$D,'Salin Data'!$A:$A,$A23,'Salin Data'!$I:$I,$B$6,'Salin Data'!$C:$C,"Masuk")) | C23: =IF($A23="","",SUMIFS('Salin Data'!$D:$D,'Salin Data'!$A:$A,$A23,'Salin Data'!$I:$I,$B$6,'Salin Data'!$C:$C,"Keluar")) | D23: =IF($A23="","",$B23-$C23) | E23: =IF($A23="","",COUNTIFS('Salin Data'!$A:$A,$A23,'Salin Data'!$I:$I,$B$6)) | F23: =IF($A23="","",COUNTIFS('Salin Data'!$A:$A,$A23,'Salin Data'!$I:$I,$B$6,'Salin Data'!$F:$F,"")) | G23: =IF($A23="","",COUNTIFS('Salin Data'!$A:$A,$A23,'Salin Data'!$I:$I,$B$6,'Salin Data'!$H:$H,"<>Disetujui")) | H23: =IF($A23="","",IF(COUNTIF('Salin Data'!$A:$A,$A23)=0,"-",SUMPRODUCT(MAX(('Salin Data'!$A$2:$A$2001=$A23)*'Salin Data'!$B$2:$B$2001)))) | I23: =IF(OR($A23="",NOT(ISNUMBER($H23))),"",TODAY()-$H23)
B24: =IF($A24="","",SUMIFS('Salin Data'!$D:$D,'Salin Data'!$A:$A,$A24,'Salin Data'!$I:$I,$B$6,'Salin Data'!$C:$C,"Masuk")) | C24: =IF($A24="","",SUMIFS('Salin Data'!$D:$D,'Salin Data'!$A:$A,$A24,'Salin Data'!$I:$I,$B$6,'Salin Data'!$C:$C,"Keluar")) | D24: =IF($A24="","",$B24-$C24) | E24: =IF($A24="","",COUNTIFS('Salin Data'!$A:$A,$A24,'Salin Data'!$I:$I,$B$6)) | F24: =IF($A24="","",COUNTIFS('Salin Data'!$A:$A,$A24,'Salin Data'!$I:$I,$B$6,'Salin Data'!$F:$F,"")) | G24: =IF($A24="","",COUNTIFS('Salin Data'!$A:$A,$A24,'Salin Data'!$I:$I,$B$6,'Salin Data'!$H:$H,"<>Disetujui")) | H24: =IF($A24="","",IF(COUNTIF('Salin Data'!$A:$A,$A24)=0,"-",SUMPRODUCT(MAX(('Salin Data'!$A$2:$A$2001=$A24)*'Salin Data'!$B$2:$B$2001)))) | I24: =IF(OR($A24="",NOT(ISNUMBER($H24))),"",TODAY()-$H24)
B25: =IF($A25="","",SUMIFS('Salin Data'!$D:$D,'Salin Data'!$A:$A,$A25,'Salin Data'!$I:$I,$B$6,'Salin Data'!$C:$C,"Masuk")) | C25: =IF($A25="","",SUMIFS('Salin Data'!$D:$D,'Salin Data'!$A:$A,$A25,'Salin Data'!$I:$I,$B$6,'Salin Data'!$C:$C,"Keluar")) | D25: =IF($A25="","",$B25-$C25) | E25: =IF($A25="","",COUNTIFS('Salin Data'!$A:$A,$A25,'Salin Data'!$I:$I,$B$6)) | F25: =IF($A25="","",COUNTIFS('Salin Data'!$A:$A,$A25,'Salin Data'!$I:$I,$B$6,'Salin Data'!$F:$F,"")) | G25: =IF($A25="","",COUNTIFS('Salin Data'!$A:$A,$A25,'Salin Data'!$I:$I,$B$6,'Salin Data'!$H:$H,"<>Disetujui")) | H25: =IF($A25="","",IF(COUNTIF('Salin Data'!$A:$A,$A25)=0,"-",SUMPRODUCT(MAX(('Salin Data'!$A$2:$A$2001=$A25)*'Salin Data'!$B$2:$B$2001)))) | I25: =IF(OR($A25="",NOT(ISNUMBER($H25))),"",TODAY()-$H25)
... B28: =IF($A28="","",SUMIFS('Salin Data'!$D:$D,'Salin Data'!$A:$A,$A28,'Salin Data'!$I:$I,$B$6,'Salin Data'!$C:$C,"Masuk")) | C28: =IF($A28="","",SUMIFS('Salin Data'!$D:$D,'Salin Data'!$A:$A,$A28,'Salin Data'!$I:$I,$B$6,'Salin Data'!$C:$C,"Keluar")) | D28: =IF($A28="","",$B28-$C28) | E28: =IF($A28="","",COUNTIFS('Salin Data'!$A:$A,$A28,'Salin Data'!$I:$I,$B$6)) | F28: =IF($A28="","",COUNTIFS('Salin Data'!$A:$A,$A28,'Salin Data'!$I:$I,$B$6,'Salin Data'!$F:$F,"")) | G28: =IF($A28="","",COUNTIFS('Salin Data'!$A:$A,$A28,'Salin Data'!$I:$I,$B$6,'Salin Data'!$H:$H,"<>Disetujui")) | H28: =IF($A28="","",IF(COUNTIF('Salin Data'!$A:$A,$A28)=0,"-",SUMPRODUCT(MAX(('Salin Data'!$A$2:$A$2001=$A28)*'Salin Data'!$B$2:$B$2001)))) | I28: =IF(OR($A28="",NOT(ISNUMBER($H28))),"",TODAY()-$H28)
A30: TOTAL SEMUA UMKM | B30: =SUM(B9:B28) | C30: =SUM(C9:C28) | D30: =SUM(D9:D28) | E30: =SUM(E9:E28) | F30: =SUM(F9:F28) | G30: =SUM(G9:G28)
A32: Merah = sudah 3 hari atau lebih tidak mencatat (perlu diingatkan). Kuning = masih ada transaksi yang belum dikategorikan. Nama usaha di kolom A harus ditulis sama persis dengan di sheet Salin Data.

Sheet Tagihan Jasa
A1: Tagihan Jasa Pembukuan
A2: Bulan mengikuti sheet Rekap
A4: Tarif Dasar per UMKM / bulan (Rp) | B4: 50000 | C4: =CHOOSE(Rekap!$B$4,"Januari","Februari","Maret","April","Mei","Juni","Juli","Agustus","September","Oktober","November","Desember")&" "&Rekap!$B$5
A5: Batas Transaksi Termasuk Tarif Dasar | B5: 100
A6: Biaya Tambahan per Transaksi Kelebihan (Rp) | B6: 300
A8: Nama Usaha | B8: Jumlah Transaksi | C8: Kelebihan Transaksi | D8: Tarif Dasar | E8: Biaya Tambahan | F8: Total Tagihan | G8: Status Bayar
A9: =IF(Rekap!$A9="","",Rekap!$A9) | B9: =IF($A9="","",Rekap!$E9) | C9: =IF($A9="","",MAX(0,$B9-$B$5)) | D9: =IF($A9="","",IF($B9=0,0,$B$4)) | E9: =IF($A9="","",$C9*$B$6) | F9: =IF($A9="","",$D9+$E9)
A10: =IF(Rekap!$A10="","",Rekap!$A10) | B10: =IF($A10="","",Rekap!$E10) | C10: =IF($A10="","",MAX(0,$B10-$B$5)) | D10: =IF($A10="","",IF($B10=0,0,$B$4)) | E10: =IF($A10="","",$C10*$B$6) | F10: =IF($A10="","",$D10+$E10)
A11: =IF(Rekap!$A11="","",Rekap!$A11) | B11: =IF($A11="","",Rekap!$E11) | C11: =IF($A11="","",MAX(0,$B11-$B$5)) | D11: =IF($A11="","",IF($B11=0,0,$B$4)) | E11: =IF($A11="","",$C11*$B$6) | F11: =IF($A11="","",$D11+$E11)
A12: =IF(Rekap!$A12="","",Rekap!$A12) | B12: =IF($A12="","",Rekap!$E12) | C12: =IF($A12="","",MAX(0,$B12-$B$5)) | D12: =IF($A12="","",IF($B12=0,0,$B$4)) | E12: =IF($A12="","",$C12*$B$6) | F12: =IF($A12="","",$D12+$E12)
A13: =IF(Rekap!$A13="","",Rekap!$A13) | B13: =IF($A13="","",Rekap!$E13) | C13: =IF($A13="","",MAX(0,$B13-$B$5)) | D13: =IF($A13="","",IF($B13=0,0,$B$4)) | E13: =IF($A13="","",$C13*$B$6) | F13: =IF($A13="","",$D13+$E13)
A14: =IF(Rekap!$A14="","",Rekap!$A14) | B14: =IF($A14="","",Rekap!$E14) | C14: =IF($A14="","",MAX(0,$B14-$B$5)) | D14: =IF($A14="","",IF($B14=0,0,$B$4)) | E14: =IF($A14="","",$C14*$B$6) | F14: =IF($A14="","",$D14+$E14)
A15: =IF(Rekap!$A15="","",Rekap!$A15) | B15: =IF($A15="","",Rekap!$E15) | C15: =IF($A15="","",MAX(0,$B15-$B$5)) | D15: =IF($A15="","",IF($B15=0,0,$B$4)) | E15: =IF($A15="","",$C15*$B$6) | F15: =IF($A15="","",$D15+$E15)
A16: =IF(Rekap!$A16="","",Rekap!$A16) | B16: =IF($A16="","",Rekap!$E16) | C16: =IF($A16="","",MAX(0,$B16-$B$5)) | D16: =IF($A16="","",IF($B16=0,0,$B$4)) | E16: =IF($A16="","",$C16*$B$6) | F16: =IF($A16="","",$D16+$E16)
A17: =IF(Rekap!$A17="","",Rekap!$A17) | B17: =IF($A17="","",Rekap!$E17) | C17: =IF($A17="","",MAX(0,$B17-$B$5)) | D17: =IF($A17="","",IF($B17=0,0,$B$4)) | E17: =IF($A17="","",$C17*$B$6) | F17: =IF($A17="","",$D17+$E17)
A18: =IF(Rekap!$A18="","",Rekap!$A18) | B18: =IF($A18="","",Rekap!$E18) | C18: =IF($A18="","",MAX(0,$B18-$B$5)) | D18: =IF($A18="","",IF($B18=0,0,$B$4)) | E18: =IF($A18="","",$C18*$B$6) | F18: =IF($A18="","",$D18+$E18)
A19: =IF(Rekap!$A19="","",Rekap!$A19) | B19: =IF($A19="","",Rekap!$E19) | C19: =IF($A19="","",MAX(0,$B19-$B$5)) | D19: =IF($A19="","",IF($B19=0,0,$B$4)) | E19: =IF($A19="","",$C19*$B$6) | F19: =IF($A19="","",$D19+$E19)
A20: =IF(Rekap!$A20="","",Rekap!$A20) | B20: =IF($A20="","",Rekap!$E20) | C20: =IF($A20="","",MAX(0,$B20-$B$5)) | D20: =IF($A20="","",IF($B20=0,0,$B$4)) | E20: =IF($A20="","",$C20*$B$6) | F20: =IF($A20="","",$D20+$E20)
... A28: =IF(Rekap!$A28="","",Rekap!$A28) | B28: =IF($A28="","",Rekap!$E28) | C28: =IF($A28="","",MAX(0,$B28-$B$5)) | D28: =IF($A28="","",IF($B28=0,0,$B$4)) | E28: =IF($A28="","",$C28*$B$6) | F28: =IF($A28="","",$D28+$E28)
A30: TOTAL PENDAPATAN JASA | F30: =SUM(F9:F28)
A31: Sudah dibayar | F31: =SUMIFS($F$9:$F$28,$G$9:$G$28,"Sudah Bayar")
A32: Belum dibayar | F32: =F30-F31
